6,73,56,77,101,71,70,61,63,45,38,65,79,61,34,42,45,54,63,48,77,69,35,60,54,75,73,71,87,42,29,104,94,55,59,54,55,67,92,65,51,20,46,42,65,53,61,32,64,91,79,78,66,63,53,44,79,39,70,74,83,41,49,69,68,83,51,54,93,59,43,25,77,56,56,37,57,30,58,56,72,48,132,74,41,61,47,50,114,62,52,71,65,69,45,35,59,40,44,70,49,96,58,85,44,112,79,65,24,54,49,40,91,45,66,89,32,57,43,59,48,57,75,67,95,69,53,75,59,65,88,32,58,81,58,67,76,58,74,67,56,37,51,41,50,61,47,58,96,50,64,54,52,67,53,44,66,55,82,85,125,40,83,51,80,56,33,85,45,92,38,58,56,45,125,75,55,67,65,56,43,57,60,93,60,53,42,74,58,45,71,32,81,86,34,76,58,33,63,75,69,73,35,45,51,112,82,96,48,48,87,104,44,71,69,73,48,36,47,43,90,50,65,48,49,101,72,53,55,38,27,36,61,22,33,39,80,64,49,43,63,82,101,89,38,48,48,39,47,95,70,77,91,61,78,74,106,55,58,61,68,37,86,55,70,27,62,52,73,38,82,25,40,105,84,31,47,48,63,41,77,22,88,65,48,45,62,27,63,60,56,74,88,86,33,119,32,91,43,54,62
6,60,74,44,83,52,72,69,62,55,39,49,58,86,29,37,52,42,65,49,67,63,31,64,41,66,68,70,61,54,49,97,79,67,61,45,66,88,55,41,51,33,61,51,65,80,28,34,54,81,86,80,59,80,52,48,63,23,71,112,65,29,55,67,86,91,48,69,67,66,60,30,63,54,61,36,73,43,69,56,65,29,108,50,64,44,37,52,91,79,47,70,71,96,43,22,57,34,62,52,65,65,48,112,49,104,67,50,27,69,51,58,82,32,67,85,35,66,42,37,47,55,56,79,66,56,53,61,55,47,85,28,46,68,84,82,55,56,72,53,67,36,67,33,30,86,68,53,66,57,64,56,40,72,49,63,54,74,64,89,117,16,76,86,111,57,19,73,59,81,33,72,55,29,89,97,41,41,72,57,31,53,44,91,48,32,48,51,38,97,65,36,69,69,39,76,64,43,66,67,60,96,38,40,42,102,80,87,61,48,92,96,43,92,77,63,52,41,49,47,98,43,37,33,38,116,59,48,41,48,32,54,74,23,36,45,72,50,22,50,62,72,81,104,31,56,34,42,48,80,47,65,95,68,66,54,91,66,67,58,46,44,88,74,66,50,70,47,77,55,69,24,26,88,52,28,22,44,43,50,60,39,48,71,41,66,49,21,82,61,62,62,67,65,50,98,48,86,26,43,47
6,64,67,61,87,59,79,71,72,52,67,60,56,106,24,37,73,39,69,41,86,63,30,61,34,73,74,67,64,35,48,91,70,44,52,46,51,84,60,57,52,30,50,50,70,50,42,25,40,69,56,77,43,61,38,64,72,26,64,83,60,32,67,60,79,72,45,52,73,48,26,31,72,73,66,49,81,26,72,59,74,40,110,64,47,36,48,67,74,81,66,62,70,71,37,28,59,46,52,46,51,91,54,86,56,117,82,46,18,44,43,59,66,29,67,93,56,62,36,55,22,74,57,46,67,64,45,70,58,55,66,28,61,65,72,77,55,48,73,55,58,35,67,49,34,95,61,60,70,45,55,42,32,68,65,51,89,80,60,78,103,34,87,86,79,32,16,71,56,71,27,90,59,44,86,71,64,55,53,72,50,44,62,91,49,43,74,51,54,59,48,38,67,67,33,60,47,30,60,57,36,100,40,34,31,116,84,75,55,43,75,96,42,84,68,49,47,56,67,49,91,42,38,53,36,115,82,37,45,47,35,64,70,33,29,36,62,58,27,58,46,82,103,107,25,70,33,37,30,85,60,70,76,58,35,61,93,58,75,57,61,47,110,68,62,45,85,32,78,32,62,29,44,95,43,36,46,49,54,49,86,29,65,70,31,65,53,27,80,52,74,54,91,52,63,82,43,106,21,62,53
6,48,69,49,83,50,88,64,70,42,48,55,87,84,34,30,41,43,77,40,97,49,50,50,58,69,83,50,64,66,35,100,70,62,77,65,66,75,75,70,39,32,52,39,62,57,46,31,44,52,89,79,61,82,46,49,75,34,65,90,83,29,50,70,82,70,49,50,70,55,27,39,78,40,75,52,69,39,70,59,74,32,110,59,49,51,64,47,77,58,52,63,50,73,24,41,55,53,50,61,53,74,83,82,43,106,85,43,33,56,46,66,80,48,69,82,41,92,57,66,37,62,59,53,61,68,43,60,57,63,68,40,81,104,74,77,59,58,60,55,75,48,71,29,52,70,76,60,83,50,60,63,61,85,66,44,66,75,85,85,116,21,74,76,100,51,26,54,65,66,36,71,57,44,102,90,47,44,57,57,40,50,78,90,48,32,52,67,61,76,71,34,57,77,46,66,58,28,56,54,48,101,33,27,47,108,71,91,76,40,77,82,50,83,79,54,56,36,52,38,51,56,40,48,30,114,73,44,52,53,37,47,84,36,34,37,65,63,29,32,42,75,79,98,30,59,38,50,41,78,71,88,92,62,55,57,71,61,44,65,55,37,91,85,59,42,84,39,80,50,75,29,52,90,84,52,41,64,61,51,82,35,47,63,38,57,56,26,105,53,69,59,82,74,58,89,34,73,38,47,53
6,44,49,55,82,58,70,43,49,61,49,65,59,68,22,28,44,64,65,32,95,61,35,50,53,50,63,50,67,48,35,85,75,52,61,70,79,73,79,50,52,31,71,43,67,49,35,13,59,73,90,76,68,84,38,60,66,41,67,89,45,48,36,65,73,66,37,64,79,59,31,45,77,39,56,44,67,37,76,35,64,26,115,48,50,75,53,33,78,78,41,64,71,77,32,29,59,35,61,47,58,80,77,81,39,95,82,59,39,45,54,51,59,43,56,75,44,58,39,61,40,72,69,46,67,37,57,79,46,62,68,36,72,57,51,82,70,54,57,48,78,32,60,32,35,98,69,56,81,55,47,75,48,67,55,49,78,53,64,88,89,37,92,70,82,50,21,60,35,78,44,79,58,38,98,80,73,36,49,45,35,70,57,90,43,27,47,46,56,62,52,30,60,79,40,81,55,22,50,38,77,69,32,39,34,111,80,78,77,60,85,83,40,84,91,54,59,47,38,33,75,52,34,28,28,108,86,44,37,56,27,43,58,29,34,52,69,68,21,30,44,81,120,96,20,72,54,44,37,89,57,64,86,87,62,65,67,53,60,47,66,41,77,79,65,33,70,40,70,34,68,25,53,91,60,30,40,38,58,58,83,19,50,74,32,56,54,29,71,60,77,79,71,73,57,106,46,80,43,51,35
6,60,90,57,70,40,87,72,67,56,59,64,72,66,30,35,37,44,62,55,93,79,30,46,38,85,69,64,53,38,34,107,96,48,67,60,71,61,64,31,36,37,60,21,62,58,42,40,43,69,82,82,52,90,38,35,80,34,60,66,56,41,48,68,86,99,41,35,82,59,27,20,75,38,48,39,78,33,70,59,41,49,120,52,41,62,40,61,61,67,58,69,56,76,35,36,69,35,65,58,62,69,71,97,40,98,77,41,29,51,39,57,54,33,81,45,29,74,51,72,33,66,73,50,60,66,57,69,56,58,66,17,62,65,60,78,71,42,56,47,70,51,49,51,46,96,59,66,58,59,43,47,39,61,61,56,79,68,74,103,98,23,86,94,102,51,32,71,63,70,22,85,56,26,91,101,40,39,76,47,55,48,65,103,58,34,58,62,55,54,81,39,60,77,29,66,52,46,62,43,59,71,40,41,37,141,92,75,52,36,88,83,32,65,82,47,35,60,61,40,72,55,40,38,23,133,74,44,44,45,30,52,57,28,33,36,56,54,28,56,37,76,93,83,29,54,55,47,50,81,87,61,77,72,55,58,72,61,43,48,60,41,74,97,79,57,91,41,71,33,83,25,39,110,65,29,38,46,41,45,93,34,63,59,42,48,53,11,72,57,59,70,73,55,71,89,28,92,28,40,63
6,41,77,74,86,44,78,55,61,67,48,72,59,49,29,26,48,53,81,62,107,68,46,43,61,77,83,61,74,53,37,73,72,46,54,64,79,74,96,38,44,37,49,45,59,51,50,35,41,58,76,70,44,113,49,48,70,25,78,72,88,52,57,47,89,68,51,41,98,45,26,31,73,41,66,45,71,30,56,53,69,59,128,58,52,76,30,64,67,87,45,52,65,94,64,48,62,42,41,69,45,66,75,111,50,88,78,75,31,60,43,46,76,36,59,56,61,65,39,61,40,66,71,42,67,44,41,83,51,65,74,30,59,75,77,86,64,51,79,72,65,47,54,51,42,84,73,61,74,53,58,73,36,92,56,70,63,75,59,57,113,22,77,80,100,56,14,70,54,76,28,63,53,44,104,89,50,68,67,51,47,58,81,89,80,47,42,77,38,58,54,34,89,76,39,78,55,18,65,80,58,95,36,54,52,104,84,83,47,55,93,96,52,76,67,77,53,40,44,43,69,52,28,58,36,107,71,29,33,44,31,48,66,26,43,38,77,48,37,48,53,59,95,102,25,51,41,60,42,81,80,74,90,66,67,78,54,55,58,47,53,51,80,66,98,39,77,55,59,58,86,30,48,103,71,54,48,39,74,64,91,32,70,77,44,68,63,26,51,55,60,66,93,71,53,97,43,98,25,45,69
6,58,65,74,75,39,83,70,54,58,37,54,68,92,26,26,50,33,56,51,96,87,39,64,37,75,72,51,51,48,35,76,55,71,55,41,54,96,56,41,39,28,40,39,59,53,40,45,45,76,61,77,65,84,43,59,65,32,80,90,52,35,53,68,71,59,30,59,52,59,51,26,65,75,45,40,73,21,56,63,76,44,160,67,62,42,49,74,84,80,63,53,48,63,43,34,57,38,39,57,48,91,69,97,38,114,80,58,34,52,41,71,80,43,69,86,53,76,41,49,45,75,54,60,60,65,45,78,68,40,59,30,68,76,62,69,71,61,69,50,73,38,54,43,44,89,71,56,68,54,56,56,36,77,52,51,70,71,87,67,115,19,83,63,121,35,16,62,67,54,38,84,37,23,96,99,53,34,71,65,34,62,73,107,62,46,53,44,29,69,68,25,82,111,33,82,65,47,59,49,46,83,32,51,47,134,56,88,70,54,79,78,33,81,53,70,52,71,77,35,71,49,39,55,22,118,71,46,55,46,33,51,77,19,42,23,81,59,22,48,68,73,93,102,39,70,43,39,46,95,61,72,67,70,51,76,86,71,59,55,56,45,114,79,74,34,78,31,72,42,109,43,40,109,67,34,44,33,52,45,84,39,59,53,35,69,44,23,87,43,58,66,78,65,49,119,35,62,26,39,58
6,75,58,50,67,51,93,56,56,64,38,68,58,63,31,38,31,60,63,48,90,59,26,73,40,81,59,63,64,54,40,79,70,47,42,65,60,57,75,42,52,28,57,42,57,57,42,29,62,73,79,75,58,75,41,54,63,25,67,77,71,38,47,46,75,76,24,42,90,67,36,19,55,54,63,61,77,30,76,60,69,30,118,83,55,53,45,39,78,65,61,72,63,72,41,34,69,33,47,57,67,87,58,84,47,88,74,61,30,40,49,49,94,30,86,81,37,67,37,58,35,68,82,50,56,51,63,83,50,66,91,30,59,78,68,69,53,34,62,50,80,43,74,35,35,72,66,56,91,32,60,42,64,72,63,49,75,82,64,85,108,21,90,72,93,57,18,59,65,69,28,73,42,38,92,94,53,48,60,51,22,67,47,78,64,37,46,43,49,64,51,51,85,76,29,74,56,36,58,66,37,68,33,30,42,98,95,92,74,52,79,89,39,76,84,66,60,37,46,47,80,62,36,53,24,109,54,39,50,34,23,27,65,25,32,44,89,69,33,35,48,75,101,82,34,79,40,44,59,84,64,60,65,57,65,57,82,52,38,57,58,45,67,84,59,51,86,53,53,36,72,36,36,75,57,29,43,64,55,50,109,26,69,58,36,78,53,22,63,85,80,61,83,63,64,76,40,92,34,33,51
6,70,46,61,98,55,68,54,59,74,48,59,67,68,29,43,52,64,58,66,93,78,25,81,55,57,59,72,77,61,32,84,68,67,69,29,62,92,66,65,62,31,49,61,64,69,32,28,50,64,72,94,58,60,54,62,73,26,82,89,84,41,57,77,75,79,46,42,79,52,44,36,77,50,68,46,70,42,86,75,70,31,110,83,79,65,49,45,66,69,59,73,42,66,44,33,55,36,60,65,49,92,78,76,58,105,78,56,30,67,50,54,86,42,63,72,52,90,43,64,35,68,58,38,69,60,55,87,63,74,76,37,64,61,70,88,53,52,71,67,52,40,64,40,32,91,60,96,85,58,57,52,35,79,50,71,69,89,73,82,115,30,84,59,81,39,32,67,77,52,32,89,47,36,70,74,30,40,60,59,44,63,37,89,53,58,55,51,54,63,32,25,67,94,31,90,53,45,69,58,51,113,35,40,32,118,66,71,75,54,67,75,34,78,67,80,56,43,57,49,78,48,44,54,22,101,86,42,60,36,40,59,75,35,47,40,56,67,36,35,39,89,86,99,39,61,40,49,31,70,65,74,89,58,57,63,79,74,59,66,66,60,90,93,68,48,101,44,68,56,69,31,36,113,85,34,45,29,51,41,104,27,55,67,34,62,56,18,81,50,67,75,61,79,36,109,31,78,27,43,56
6,68,64,71,100,55,76,56,52,51,71,72,78,63,22,30,49,44,74,50,70,48,31,62,39,78,59,61,63,44,38,76,70,65,55,65,64,69,69,57,51,38,45,36,81,74,45,32,66,90,62,64,51,101,40,42,65,22,84,89,71,38,57,64,83,79,46,50,65,48,21,26,76,45,70,48,69,31,64,62,71,31,105,76,60,63,40,47,84,75,52,81,70,62,59,38,57,40,44,74,56,82,42,97,45,100,77,64,38,56,56,65,90,40,48,72,56,62,51,63,48,58,66,55,76,56,46,73,44,64,82,33,65,85,49,78,62,62,53,62,65,38,71,48,34,78,73,75,80,52,60,67,28,73,53,41,67,74,58,91,108,16,92,72,78,58,19,69,40,73,35,75,54,35,97,78,46,30,76,56,44,51,89,87,53,40,38,67,48,54,51,27,66,79,34,65,45,24,63,45,46,88,39,28,55,112,86,95,66,48,57,121,46,79,65,39,52,49,51,35,61,62,56,55,25,114,80,33,48,54,27,50,78,26,28,51,59,55,38,39,39,85,89,86,45,71,34,45,42,80,41,68,66,76,54,53,73,64,57,67,46,34,101,78,65,30,71,34,74,40,89,33,40,91,73,36,31,44,63,54,88,27,51,57,33,57,69,25,66,61,68,69,100,73,55,104,29,100,40,52,55
6,69,63,57,90,39,74,59,68,49,40,63,77,69,30,28,35,54,76,45,95,84,28,52,43,67,68,65,75,44,29,72,53,61,54,53,58,72,84,63,45,20,64,39,81,62,53,20,57,72,68,67,56,79,51,35,61,27,72,85,54,34,51,74,72,66,29,49,93,57,39,26,84,43,66,47,68,26,59,54,72,25,104,69,64,73,45,44,74,75,55,55,57,66,42,22,77,42,41,55,64,75,65,79,55,109,86,52,20,57,52,54,64,30,66,74,63,81,36,57,47,46,66,55,58,75,60,57,48,72,79,35,58,64,68,68,65,37,61,50,66,31,60,40,33,95,56,65,76,54,45,61,48,52,73,50,56,81,56,97,92,20,75,84,89,55,22,60,57,81,22,80,56,44,97,78,55,27,79,54,34,46,47,101,63,43,50,82,49,60,52,42,92,62,39,96,50,21,67,46,49,72,47,31,44,110,83,67,54,59,87,83,40,72,63,63,56,64,57,53,74,40,38,47,29,103,61,61,63,54,49,44,71,33,27,41,58,60,23,42,40,70,152,87,33,57,43,51,29,86,79,63,93,64,41,50,85,80,43,62,48,52,82,99,68,46,79,44,54,39,73,34,46,108,62,24,34,35,67,45,88,36,97,69,21,64,75,25,74,51,61,65,92,62,49,90,31,97,23,38,50
6,58,43,94,105,40,79,62,56,59,62,69,51,65,21,40,43,46,50,40,100,31,43,62,28,75,105,73,54,60,35,72,74,48,56,61,68,60,63,47,64,37,56,25,57,63,57,29,51,64,77,74,42,73,43,48,78,36,74,84,70,40,45,74,67,68,26,45,60,52,28,27,83,41,50,53,83,29,64,57,80,26,146,49,40,66,45,36,93,71,57,63,87,85,52,36,72,46,36,59,45,68,76,72,45,94,103,59,43,61,54,58,66,59,61,84,44,56,48,78,41,55,57,54,80,37,45,93,64,52,81,35,59,77,62,64,52,59,77,62,72,33,47,48,54,87,49,51,62,52,53,64,58,66,45,66,60,72,66,90,88,24,94,63,89,41,32,99,58,64,29,66,83,29,109,81,33,67,81,52,48,31,52,90,46,44,50,70,72,69,52,26,70,68,41,64,66,46,46,49,44,95,45,44,41,83,95,93,62,57,89,61,50,69,67,58,68,65,52,49,83,53,50,46,49,121,80,41,45,45,33,48,62,24,32,41,83,66,48,48,45,65,78,101,28,57,44,53,55,79,65,56,73,80,58,60,77,75,54,50,71,33,98,75,52,42,81,46,51,43,87,36,46,92,60,49,36,40,38,55,57,35,50,58,35,60,46,24,81,64,83,85,88,69,44,98,43,65,22,51,46
6,44,86,59,75,36,68,62,54,59,36,63,48,88,14,45,52,30,65,62,104,76,22,64,44,72,73,59,51,41,39,89,88,69,64,69,66,60,54,49,64,23,51,43,64,47,47,30,56,89,77,73,72,72,47,64,89,44,77,97,64,36,58,77,82,75,48,40,91,66,33,25,67,45,53,38,64,19,78,40,73,37,132,59,59,72,33,58,100,50,54,63,60,90,39,37,48,27,51,60,51,76,57,77,37,93,83,59,29,70,44,63,87,52,83,75,34,93,31,57,29,57,68,60,85,63,58,83,58,31,74,22,59,78,77,90,67,51,83,62,69,44,47,46,52,76,58,59,98,57,59,58,47,74,61,53,109,78,60,84,116,16,98,75,101,46,22,65,65,61,34,68,61,35,86,88,44,40,67,47,54,61,55,89,46,41,60,49,60,51,59,42,67,80,35,68,55,43,50,32,35,78,31,38,36,91,62,100,55,51,96,84,45,88,57,61,44,38,32,55,70,33,43,46,36,122,73,46,52,37,30,54,96,27,35,28,78,58,20,68,39,57,91,97,16,51,41,52,34,92,78,61,72,80,44,75,96,50,57,66,57,44,82,93,90,41,69,35,61,37,64,29,43,100,60,24,39,60,65,60,71,38,65,56,21,56,61,21,76,56,72,72,71,59,32,114,50,98,36,32,57
6,82,50,53,73,70,91,54,61,58,48,52,66,68,46,27,47,36,52,82,100,70,36,69,39,69,80,46,72,38,44,86,83,52,56,55,59,83,77,44,35,39,57,30,50,80,53,33,53,82,85,80,56,90,45,42,74,29,83,64,78,37,71,61,50,67,42,58,89,52,38,27,76,43,64,42,62,30,61,53,56,30,113,52,82,79,26,40,73,79,51,63,54,82,36,32,69,36,62,57,75,64,65,87,37,109,83,62,40,56,51,44,74,40,73,51,47,107,48,57,46,55,80,59,59,68,71,81,59,61,73,11,63,86,70,89,46,52,76,54,69,38,65,37,31,73,57,69,76,51,65,52,54,77,60,56,61,84,50,81,97,31,83,71,109,36,25,72,64,59,36,89,38,41,108,100,43,37,74,57,52,57,51,88,44,52,66,57,47,53,57,40,86,115,38,63,48,38,59,58,64,99,40,36,36,119,97,85,83,66,84,96,34,62,76,65,52,46,53,40,73,64,59,57,41,105,65,34,60,41,31,51,66,39,32,31,76,54,28,45,38,82,110,119,28,49,40,48,56,97,63,74,87,66,67,90,92,56,68,49,65,49,76,80,54,41,102,47,66,34,69,23,32,104,81,31,42,50,55,47,77,32,78,79,51,73,56,24,86,67,53,64,74,82,45,88,37,93,24,37,61
6,71,61,75,108,45,78,71,67,69,49,72,75,59,26,35,41,69,63,29,86,52,30,53,47,62,66,61,74,66,34,81,68,59,57,44,72,67,80,47,44,42,55,30,66,66,39,22,61,60,92,78,36,88,55,50,69,47,57,85,43,32,49,79,66,90,46,43,85,62,24,30,71,45,50,36,85,25,75,40,58,26,124,50,82,53,42,61,72,81,77,69,82,69,57,46,53,35,55,64,54,75,56,85,40,105,89,64,31,63,50,48,84,35,92,83,45,85,33,58,25,50,60,44,77,71,53,64,61,69,78,30,69,74,41,90,51,58,61,58,61,42,62,38,34,75,79,66,77,41,41,35,40,79,52,72,68,83,59,80,96,24,95,77,103,35,17,80,56,71,26,67,53,27,97,78,53,45,64,52,35,72,52,95,58,30,38,53,37,56,53,56,71,89,46,80,51,38,65,49,63,88,26,43,58,103,86,78,62,61,104,74,40,78,76,75,64,38,51,36,79,35,48,46,38,121,55,48,44,54,33,46,73,27,33,48,75,58,39,19,63,72,86,96,30,55,42,37,41,99,62,44,85,74,54,87,93,57,39,64,54,38,77,104,69,44,87,43,65,44,67,33,49,96,80,55,40,66,62,44,75,42,58,70,40,60,37,40,79,50,55,68,70,80,49,99,49,117,29,45,59
6,55,58,62,84,41,86,69,68,60,39,47,71,74,24,33,47,42,64,46,94,43,24,63,40,55,60,78,66,36,45,88,72,46,55,42,74,95,73,43,40,43,58,45,61,75,42,35,42,68,86,78,63,64,35,48,71,45,97,82,64,49,56,48,91,72,30,44,84,54,44,15,68,56,65,36,77,36,74,56,56,42,117,49,47,41,34,51,91,71,61,77,40,68,38,20,49,33,52,64,58,83,73,83,54,115,93,50,20,61,41,49,85,31,72,81,51,97,41,50,32,62,81,35,82,80,73,76,63,49,75,23,59,95,60,74,74,56,76,51,74,35,50,42,37,61,49,65,79,64,55,84,42,66,63,36,64,103,75,85,100,26,70,63,77,40,19,78,68,48,31,82,43,33,100,81,40,50,66,78,27,59,57,68,55,42,52,44,52,94,42,33,63,107,31,84,46,57,60,36,45,88,35,41,57,110,76,85,74,64,65,101,55,66,77,69,35,53,64,43,70,30,35,38,37,107,84,32,46,51,46,41,74,41,42,23,64,51,49,37,51,71,111,95,28,45,34,51,40,88,59,69,77,57,68,77,96,66,52,54,47,32,91,89,59,42,69,46,55,57,89,36,38,89,57,37,51,35,45,60,75,37,60,72,43,45,61,17,99,39,71,57,73,75,48,100,47,87,21,56,48
6,50,66,60,92,53,70,51,41,63,44,57,69,66,31,33,47,41,47,40,105,95,31,59,43,71,62,55,68,37,27,81,76,53,34,47,72,95,72,49,54,25,50,47,70,64,54,28,65,99,68,71,69,63,59,53,86,31,78,89,58,47,41,56,84,48,40,39,93,33,26,20,64,45,69,40,70,22,54,46,67,39,113,66,62,49,29,47,92,75,54,64,48,77,36,42,67,66,67,42,60,81,64,93,53,101,77,63,36,62,42,53,84,42,70,86,62,68,44,42,30,64,63,55,68,54,69,64,55,58,84,35,50,78,58,76,57,49,66,70,74,25,85,49,35,66,59,45,78,61,81,56,55,84,55,49,86,73,79,67,119,27,86,56,78,43,13,63,76,63,46,74,42,29,108,89,48,38,43,66,35,58,57,101,35,43,67,57,40,84,46,38,77,85,35,44,58,40,55,38,50,98,21,35,38,116,70,80,59,52,82,103,51,81,71,49,55,55,42,42,91,33,40,58,25,105,61,45,71,44,37,71,82,16,32,37,71,66,21,38,39,76,82,99,31,52,44,32,43,93,59,53,94,59,57,77,88,59,60,72,54,45,103,63,64,38,78,44,60,27,78,32,49,82,63,29,46,58,51,61,78,35,70,61,45,69,56,27,95,75,61,52,80,78,51,117,55,103,22,62,69
6,58,45,85,85,54,89,51,46,65,41,65,50,65,24,28,50,36,56,41,81,43,28,64,47,83,74,53,60,52,37,100,72,48,50,57,72,65,70,41,54,27,52,47,68,65,50,33,60,66,81,102,50,58,54,56,92,48,69,83,61,56,54,65,78,62,32,68,64,67,33,31,70,43,63,45,71,23,64,38,71,31,121,60,43,64,48,38,62,80,62,65,47,73,36,43,66,41,44,63,43,64,48,66,36,104,96,74,35,46,58,48,79,41,56,61,64,85,48,67,33,76,57,59,67,85,63,73,68,58,68,29,67,70,52,79,60,35,79,62,59,33,76,38,45,56,67,62,75,53,66,68,41,77,39,49,79,72,55,76,99,27,76,60,100,43,18,79,53,68,35,75,45,30,101,67,59,33,66,59,49,72,66,86,37,46,55,57,54,72,62,26,67,91,35,94,49,39,62,50,65,88,36,61,63,113,81,89,58,53,82,100,36,84,85,58,40,39,51,41,59,53,55,39,39,105,98,38,52,49,31,71,46,21,33,39,70,53,26,48,78,84,93,100,29,75,27,52,48,73,60,57,87,75,77,55,74,71,66,54,50,55,76,72,89,56,103,37,79,37,54,44,49,85,69,44,51,43,65,43,58,26,75,83,38,76,45,18,65,69,69,88,68,63,70,107,44,63,20,55,56
6,51,54,78,83,54,88,62,56,78,36,56,87,67,38,29,67,36,51,41,84,68,49,68,67,76,70,60,66,41,40,88,60,65,33,46,57,98,79,34,50,14,60,64,74,66,37,23,61,83,70,74,58,80,59,51,63,28,73,83,69,49,80,73,90,77,47,53,76,50,51,24,52,53,61,39,96,34,63,39,52,42,109,54,52,62,42,40,59,81,66,81,48,68,55,50,63,46,71,61,56,72,65,104,54,96,83,69,31,65,52,64,71,28,78,76,46,91,39,61,44,65,54,69,69,51,60,62,60,56,77,27,87,69,47,72,45,61,55,78,68,53,75,37,33,73,65,72,59,57,52,66,27,71,46,58,84,115,59,93,99,22,86,80,92,36,14,52,63,47,43,85,41,34,87,83,45,41,74,56,36,47,72,84,61,51,33,35,47,52,41,39,72,72,23,43,54,39,61,53,47,85,27,37,38,124,84,74,82,47,85,111,27,105,82,63,26,41,53,36,91,52,43,55,37,99,65,33,41,46,40,45,81,39,44,18,71,46,44,32,55,65,102,109,30,57,47,49,32,64,55,86,93,75,38,67,94,72,65,49,64,36,74,84,78,37,82,39,69,42,83,16,29,93,60,33,64,43,74,46,66,23,65,63,37,57,55,18,77,65,60,50,82,76,38,129,36,85,26,38,52
6,61,65,67,108,28,80,61,50,64,49,64,62,87,23,32,40,27,74,51,82,51,38,47,56,78,79,57,43,35,40,65,66,62,65,48,70,70,80,40,42,39,62,32,62,54,51,17,59,73,72,87,44,75,36,52,64,39,68,86,75,41,50,66,56,92,30,56,71,48,39,30,73,54,56,40,80,45,62,54,72,32,105,83,78,58,39,42,80,63,52,59,70,75,51,36,67,37,47,71,72,86,62,86,33,120,90,61,22,47,61,34,82,30,64,71,44,87,43,66,35,41,65,55,56,43,67,68,60,60,63,31,79,87,56,93,37,40,58,55,51,43,52,32,39,77,59,78,70,53,41,63,55,82,62,54,75,68,46,84,81,37,98,76,72,36,25,91,43,70,44,63,52,49,100,98,69,78,58,48,38,43,59,90,46,42,44,68,44,75,48,35,88,94,37,70,47,38,60,77,49,105,39,38,39,106,98,79,64,60,76,85,53,76,70,78,40,55,54,45,67,49,42,56,34,79,67,53,41,41,34,71,73,25,21,36,86,69,50,39,50,71,99,89,23,38,47,37,47,80,70,56,88,63,32,53,94,61,43,78,51,44,92,80,61,34,68,20,72,35,96,34,40,94,81,41,45,53,66,63,73,24,66,73,38,61,65,14,73,50,62,70,77,87,54,84,31,84,34,32,41
6,55,41,87,72,59,94,58,44,64,43,56,63,83,30,36,49,32,64,38,86,66,43,54,43,74,70,64,74,58,48,75,89,61,56,61,70,73,75,45,53,29,51,45,61,63,53,26,54,68,92,77,64,66,50,56,73,32,70,83,65,41,42,48,84,77,41,60,96,62,47,28,66,44,47,53,77,27,70,36,56,36,97,71,70,76,34,60,79,88,60,58,66,88,38,18,53,37,54,50,60,84,76,69,39,104,73,51,36,56,61,47,76,39,70,72,38,59,47,55,35,83,69,56,65,57,42,95,65,52,70,42,64,79,89,61,60,42,62,67,75,39,54,43,45,76,53,53,64,73,52,59,42,66,49,57,74,75,74,62,118,18,114,80,96,29,24,65,91,68,21,82,60,33,94,89,48,58,58,62,49,76,68,91,36,49,49,75,35,62,61,33,63,95,24,80,63,45,61,42,55,72,31,42,49,118,73,83,59,55,60,106,30,73,60,64,50,67,44,28,65,55,22,38,32,115,70,39,50,31,29,57,74,24,24,44,74,69,25,43,49,74,69,106,43,57,46,56,60,91,56,79,90,68,58,76,80,62,59,46,55,36,83,75,79,44,88,39,65,44,90,36,46,97,79,37,41,54,71,28,66,41,64,81,41,59,47,25,88,54,77,48,81,70,54,95,35,80,18,49,59
6,80,66,78,92,55,86,57,57,59,52,42,57,87,44,42,52,42,46,51,83,65,36,68,43,68,68,73,67,56,39,65,78,53,46,53,59,81,59,50,48,30,36,53,79,56,45,31,71,76,99,75,59,58,44,51,86,45,77,96,75,33,65,66,79,63,39,48,94,47,31,19,61,35,48,43,68,20,73,42,58,35,117,73,48,75,45,39,88,73,50,65,55,74,33,24,45,39,54,49,60,60,55,75,43,115,93,69,28,38,74,71,75,38,68,88,57,62,33,69,25,63,66,41,66,43,63,69,56,48,76,22,58,76,77,69,60,57,59,73,56,38,43,47,19,90,71,79,60,60,66,67,36,67,68,64,72,99,58,78,107,30,82,64,88,45,32,69,65,57,22,70,53,32,108,69,49,47,72,54,38,44,62,119,47,55,58,57,40,57,61,33,90,108,30,85,62,39,58,50,48,107,31,33,50,126,96,93,59,33,72,102,58,91,74,64,45,63,63,36,77,57,28,35,44,117,72,24,28,51,29,41,70,23,41,39,65,55,21,46,45,64,104,104,24,60,50,50,36,71,69,68,77,75,51,60,98,59,57,56,66,50,92,69,73,45,82,34,81,53,73,48,39,78,50,32,43,55,60,56,77,41,51,75,43,65,65,15,76,76,66,83,75,72,42,93,41,83,25,48,57
6,49,68,91,88,60,96,54,53,55,43,69,58,78,26,23,40,36,55,53,86,62,25,58,51,60,87,71,75,52,37,82,73,41,45,58,70,78,79,42,43,17,69,21,56,74,38,29,49,75,83,59,62,71,44,64,53,54,57,73,63,43,53,67,82,77,36,50,96,26,39,11,66,59,68,41,78,26,68,40,67,30,121,61,54,52,47,59,78,88,45,64,47,64,34,34,62,30,56,78,61,82,59,87,55,117,82,40,23,43,40,44,95,46,65,74,29,76,49,69,44,53,66,59,56,67,51,64,69,65,71,28,52,86,55,86,68,50,62,47,46,37,65,45,44,79,57,60,93,42,47,51,56,75,54,64,64,72,59,86,101,24,84,61,96,50,28,81,52,63,49,65,55,30,100,92,38,44,80,33,47,47,65,97,40,59,54,67,51,52,53,35,63,92,30,72,38,35,46,44,52,98,36,42,50,102,100,101,91,53,97,80,36,92,56,53,36,28,51,37,85,55,35,39,34,98,62,44,35,42,34,33,64,37,44,41,76,57,36,53,61,66,101,93,17,51,45,55,38,76,79,45,91,47,43,57,80,61,59,61,57,38,95,88,69,33,86,32,82,59,79,36,37,94,57,35,35,56,68,52,70,38,82,64,28,55,36,14,76,58,67,82,83,57,50,91,39,77,34,40,57
6,47,53,74,66,46,84,42,74,55,37,72,83,74,13,36,43,28,53,54,100,79,17,73,34,80,85,53,57,43,37,77,77,54,60,39,59,96,73,48,45,31,60,48,51,58,41,40,55,74,83,87,45,68,43,52,83,24,66,88,64,54,67,65,71,67,41,52,100,53,42,35,55,62,43,60,68,33,90,55,60,34,118,64,49,69,52,58,88,69,51,66,57,61,34,26,66,37,56,66,56,87,47,67,61,120,68,60,33,67,32,51,75,28,56,93,50,72,38,59,44,62,65,71,62,41,46,73,49,77,79,29,62,67,55,55,62,38,77,64,76,47,75,44,56,77,82,57,98,54,47,61,37,90,48,51,66,72,65,81,128,21,88,61,95,41,16,67,76,77,37,81,55,41,97,69,50,45,59,89,22,51,63,106,63,53,62,55,48,65,50,39,77,70,43,72,73,35,60,68,52,83,26,36,44,97,75,72,56,52,67,81,37,96,61,62,47,46,52,36,83,57,41,66,36,143,58,38,44,32,53,65,73,19,39,28,95,59,31,38,43,67,88,92,29,59,41,51,46,93,40,56,81,42,43,61,99,63,48,65,36,30,111,68,86,43,66,37,71,42,71,41,44,119,68,35,48,36,43,64,86,22,72,64,46,64,59,31,102,66,83,61,74,71,32,101,36,94,26,40,43
6,51,62,83,94,37,66,36,54,62,38,65,56,77,30,45,39,26,76,41,88,71,26,69,48,71,76,61,67,34,22,71,68,56,64,49,78,118,82,53,49,33,59,51,69,71,31,23,50,79,75,54,47,66,43,67,102,43,70,99,61,26,49,64,77,78,38,34,82,76,50,32,66,51,78,44,90,42,75,56,64,42,118,62,44,63,33,52,71,66,56,66,63,89,49,33,75,31,46,60,66,79,60,82,52,108,77,65,21,59,43,73,81,36,74,101,46,79,45,59,38,73,64,51,73,67,62,62,76,61,70,28,52,64,61,74,47,55,86,81,49,37,57,60,38,66,67,75,86,59,48,57,42,71,60,50,63,77,68,77,119,35,74,50,82,52,27,72,75,59,41,67,44,29,108,108,64,40,51,80,38,42,60,116,48,35,62,74,44,58,68,36,92,101,42,65,55,45,57,39,62,81,31,37,25,71,101,84,41,60,65,103,29,81,57,84,30,44,60,50,114,50,52,38,40,88,79,53,55,50,30,34,91,25,32,36,69,63,18,45,31,68,111,113,34,49,30,45,38,98,76,45,71,54,55,73,75,60,60,63,46,44,84,75,77,64,67,38,68,48,79,34,50,84,70,43,38,36,61,45,72,40,80,73,49,49,65,29,64,71,65,52,75,83,45,101,32,104,35,36,50
6,61,63,52,85,64,67,50,52,69,39,71,75,77,26,31,43,38,49,51,71,45,25,55,43,66,82,59,73,48,33,75,74,64,65,59,83,86,60,67,46,33,58,37,57,55,52,17,45,74,85,78,44,82,44,45,84,33,68,81,57,39,44,64,82,59,31,53,92,66,29,23,79,63,83,63,82,33,78,52,55,28,122,69,38,51,31,44,86,70,67,69,66,63,42,45,71,46,61,75,43,60,61,79,59,106,81,72,53,65,36,68,72,49,74,80,57,67,38,59,34,66,77,53,66,41,55,67,62,77,55,23,78,70,69,73,52,46,50,87,58,51,62,40,24,95,72,58,74,52,60,70,30,84,56,47,64,57,61,99,125,55,82,73,92,46,19,85,65,72,30,68,53,33,100,100,57,42,72,55,42,61,84,66,61,44,70,72,46,50,57,31,68,83,36,73,55,32,33,70,49,81,38,33,46,94,71,78,56,57,76,94,46,85,88,73,54,51,70,32,83,49,43,35,28,95,59,40,56,46,25,61,71,25,26,30,75,49,27,53,50,65,92,90,29,52,56,49,37,83,66,68,103,79,64,59,89,51,51,40,53,33,92,81,84,52,80,51,58,58,73,27,42,115,57,37,47,41,65,50,100,30,46,46,25,61,70,29,77,51,73,65,63,89,47,102,34,93,33,50,82
6,61,75,61,78,62,69,61,40,73,39,68,74,62,25,27,70,58,68,49,92,51,37,61,58,67,64,57,65,36,46,88,107,41,41,63,70,78,90,62,50,32,46,33,56,35,55,25,60,69,77,72,35,78,51,54,70,25,59,61,70,48,71,78,68,62,34,38,78,61,46,19,66,46,45,45,95,28,66,39,83,44,124,71,49,72,26,68,82,83,65,62,55,89,39,34,72,32,74,50,48,85,64,90,34,83,80,68,41,35,50,50,74,59,67,81,52,45,58,56,40,56,92,48,68,52,55,66,70,68,93,27,70,75,56,75,61,47,63,66,51,34,53,50,49,66,71,70,81,45,49,65,36,64,57,58,55,93,68,87,88,27,101,84,85,46,22,84,50,82,33,81,45,35,95,89,50,39,69,45,33,56,51,90,57,45,35,53,49,63,70,28,65,72,29,73,43,50,44,58,55,58,48,52,45,102,81,86,50,47,82,118,28,81,71,56,68,43,48,52,91,45,49,39,24,115,69,30,63,56,38,58,73,24,21,39,83,71,37,47,45,65,94,91,41,62,32,49,42,95,57,58,89,78,60,61,71,48,51,61,64,45,89,87,87,44,93,50,58,40,87,26,45,81,82,39,42,60,57,40,69,21,76,99,41,54,37,21,74,49,65,56,76,69,51,85,38,97,22,51,54
6,40,59,69,70,41,80,68,50,70,44,70,64,72,27,35,67,24,58,37,94,46,26,86,42,78,89,55,79,32,38,89,61,58,83,58,93,61,83,54,42,27,59,26,77,69,71,17,58,77,84,95,47,84,55,34,66,32,70,67,92,32,58,61,52,70,48,46,58,62,40,28,79,49,66,56,65,32,58,44,66,36,103,56,41,70,42,45,88,71,64,68,55,68,39,48,83,37,64,49,47,83,55,92,58,95,85,59,28,51,46,41,77,37,78,81,40,70,55,54,21,76,62,47,93,73,57,61,55,59,80,43,78,78,64,74,63,34,62,61,62,37,69,27,40,82,64,87,76,44,47,62,47,63,52,74,80,60,48,104,118,11,75,72,112,43,23,73,60,66,26,61,59,36,90,103,35,43,53,48,26,55,54,71,50,39,55,72,55,53,53,53,63,75,33,58,57,44,65,50,55,85,22,32,41,82,59,52,59,58,76,88,43,74,76,68,44,40,48,38,58,51,42,51,35,116,89,23,55,42,30,66,53,27,27,23,77,69,31,40,34,96,95,107,26,68,40,41,38,82,67,71,82,56,47,49,65,58,65,62,47,34,98,74,72,41,75,43,67,29,90,30,34,102,69,44,43,60,44,51,84,28,73,59,40,40,62,27,74,55,58,57,78,78,79,99,50,70,27,45,54
6,48,80,69,99,58,80,50,76,50,55,59,59,65,33,33,58,40,76,49,79,58,37,60,41,84,57,72,72,45,39,83,68,51,64,52,68,85,83,48,46,46,58,41,46,54,46,26,48,76,63,63,59,94,44,43,77,31,73,82,78,45,67,68,62,93,53,66,69,53,26,24,56,59,62,39,86,34,57,43,62,30,123,61,46,65,49,36,86,68,56,82,46,73,47,33,43,23,46,66,58,69,63,83,52,90,91,48,27,46,50,53,68,24,72,71,43,69,34,54,31,63,49,53,59,47,61,57,76,87,83,41,59,105,45,78,58,42,71,48,53,37,61,36,38,69,55,68,78,50,54,50,41,63,56,44,81,62,61,70,101,34,75,83,108,47,9,69,63,75,37,72,45,30,125,87,48,45,70,62,24,70,59,78,39,38,51,55,36,63,57,31,63,74,34,62,41,39,52,45,41,60,24,46,30,99,90,73,50,67,103,87,45,85,73,66,33,36,51,31,75,44,36,45,31,101,61,55,50,58,34,50,62,26,32,35,59,57,31,33,33,91,78,108,26,42,34,35,37,100,83,71,77,55,69,71,83,60,65,53,63,51,86,64,57,50,85,31,60,35,62,24,47,82,46,35,44,38,51,38,67,43,71,52,36,77,77,13,67,52,70,50,74,66,40,69,31,86,34,49,57
6,62,40,59,90,66,70,43,52,59,52,53,63,64,21,34,61,42,70,33,73,63,32,74,40,85,71,47,66,44,33,75,69,64,78,67,83,66,77,55,45,20,44,35,75,56,52,38,42,67,70,53,36,92,38,73,67,21,76,94,54,46,50,64,73,75,42,63,88,38,20,21,79,56,51,48,72,35,53,35,59,27,136,51,57,71,50,62,92,84,51,64,59,76,35,30,54,27,56,74,50,66,73,90,44,83,92,54,30,50,48,49,80,35,78,83,59,82,49,74,33,53,54,34,64,57,44,76,51,87,69,35,57,77,60,75,67,50,53,63,69,63,60,35,34,80,56,89,93,49,45,64,58,78,61,47,80,80,57,63,104,22,77,86,102,47,16,60,47,78,21,63,67,31,93,98,38,38,66,46,56,64,52,67,47,38,59,46,52,53,46,46,58,83,28,72,58,38,65,57,47,97,34,32,57,115,96,76,67,52,59,75,54,90,78,61,44,31,47,31,71,35,43,37,39,81,73,39,64,36,48,58,63,17,37,29,73,49,39,35,52,84,93,81,40,71,23,45,52,95,77,81,76,86,57,59,66,52,37,75,50,39,65,64,64,53,88,50,54,53,71,44,33,90,64,53,36,69,57,53,69,31,64,73,43,60,40,12,63,48,79,57,84,53,58,100,55,75,30,59,46
6,52,76,75,98,45,85,62,52,51,50,70,65,65,30,31,48,38,40,44,83,60,16,49,42,61,87,55,63,51,47,88,106,81,61,74,49,64,63,42,42,32,52,47,67,74,39,38,49,68,75,74,59,51,55,64,76,35,73,100,66,25,59,65,65,89,38,51,67,58,34,28,68,58,63,43,57,32,62,59,70,52,126,37,61,56,30,74,94,60,95,63,63,80,32,27,51,25,64,55,55,89,51,92,50,102,80,67,35,50,40,66,113,45,63,66,49,79,47,51,23,72,43,61,56,77,72,67,58,53,85,34,59,86,68,74,58,68,57,52,63,31,66,47,29,105,67,61,68,57,50,41,39,78,54,39,83,70,67,85,102,32,85,73,96,39,13,67,48,57,33,75,34,31,116,101,57,39,57,63,32,61,54,86,50,40,41,44,44,71,62,27,74,81,45,63,40,53,49,34,50,117,32,31,30,120,70,83,56,43,78,85,31,77,96,61,48,39,45,21,66,48,53,72,34,118,80,41,55,44,28,49,88,35,56,59,54,46,25,42,53,75,89,92,41,53,30,40,57,94,65,59,76,57,64,71,107,55,57,58,50,29,97,96,71,61,61,29,87,41,86,30,30,89,65,29,49,53,56,59,70,34,52,59,54,67,37,18,96,67,57,62,74,61,42,108,35,92,16,41,63
6,61,49,67,76,40,77,58,52,67,27,58,84,77,26,40,60,47,61,43,69,56,27,66,36,83,92,67,69,50,31,80,80,44,38,58,76,79,64,61,37,27,60,57,78,59,33,23,62,77,80,72,55,68,39,55,84,43,76,83,57,33,52,65,71,67,42,55,95,55,37,22,69,48,48,36,75,23,49,36,53,36,126,67,53,44,40,53,68,70,53,76,82,84,29,44,66,29,68,43,56,64,57,103,29,123,79,64,26,53,43,61,81,43,62,84,50,79,41,62,28,63,56,55,61,47,48,65,54,58,88,20,67,64,74,90,46,39,74,56,68,38,60,41,31,76,63,54,85,40,55,64,32,66,47,52,62,88,69,68,85,31,95,69,93,55,8,79,62,61,33,72,57,44,92,97,30,36,74,79,34,49,57,96,62,51,59,57,46,50,66,33,74,74,26,76,38,48,57,66,62,112,40,53,45,113,69,64,51,46,80,97,46,88,73,80,47,62,50,36,88,50,44,41,27,97,61,42,39,38,43,44,68,28,48,20,67,75,15,60,42,61,94,97,30,51,39,47,49,74,56,89,68,88,56,63,79,60,65,78,57,35,97,94,68,31,80,38,66,48,55,31,47,92,57,24,28,36,75,49,75,52,51,57,47,54,38,20,93,61,69,75,73,53,69,106,51,107,25,61,59
6,52,71,65,75,53,98,75,59,64,43,68,54,87,33,27,42,27,60,49,101,59,45,46,47,79,80,59,51,41,33,88,81,50,71,45,57,87,51,50,45,20,72,43,68,55,43,32,60,63,66,63,56,91,42,44,79,43,58,87,65,39,59,59,70,74,32,51,71,48,25,31,67,60,63,43,73,32,72,47,72,40,103,68,75,46,43,54,79,71,65,86,45,89,46,21,65,33,44,80,45,83,67,100,49,97,69,47,14,43,61,54,54,34,58,76,51,70,51,64,38,82,68,53,55,49,48,62,52,64,81,40,53,74,62,74,69,62,74,66,77,31,49,48,27,75,60,65,60,53,63,52,47,64,51,55,50,76,58,106,95,29,83,73,90,30,21,68,75,70,32,92,44,40,116,104,58,43,84,56,31,60,68,73,54,42,42,60,53,62,63,21,69,76,44,82,45,48,46,46,43,104,28,40,41,106,67,67,73,56,89,86,40,72,69,80,29,63,65,29,90,30,43,45,34,121,91,46,44,60,41,59,86,36,31,35,67,55,18,49,42,60,87,117,35,52,48,51,38,82,67,63,80,65,71,77,80,45,44,50,51,48,93,81,77,56,76,51,71,61,75,27,54,72,67,40,43,40,51,61,89,28,56,65,47,63,54,23,105,51,72,68,86,74,62,102,33,79,23,52,51
6,62,81,67,80,58,54,49,56,50,39,55,48,70,33,27,37,38,69,39,88,49,19,77,33,63,77,76,53,49,38,85,81,63,62,56,66,76,84,55,63,28,45,43,81,68,46,34,42,58,81,77,42,68,29,45,61,47,74,90,71,34,67,54,61,81,42,47,77,69,37,24,101,54,60,27,58,20,80,54,70,47,120,56,57,71,32,47,43,72,57,66,54,80,38,37,54,37,41,61,38,76,58,73,44,111,70,73,36,42,36,56,70,31,68,67,48,64,42,67,38,86,60,53,52,58,50,69,55,40,79,22,42,73,64,52,59,34,65,70,73,52,68,37,58,86,68,61,93,52,50,56,62,64,43,48,66,56,79,87,116,16,85,72,120,31,24,75,60,70,25,59,45,44,96,64,47,50,59,66,24,57,67,92,49,39,63,72,48,60,51,42,56,92,31,56,62,44,81,51,63,83,42,41,40,100,67,61,65,53,82,99,52,78,64,76,51,44,49,35,79,50,45,52,33,111,81,41,35,43,46,45,92,29,34,26,80,68,31,55,51,77,79,117,33,62,41,46,49,91,68,65,73,82,60,55,100,59,57,47,54,27,111,89,65,52,79,39,71,41,73,46,35,89,71,42,42,41,56,64,61,43,35,75,56,53,50,16,81,68,68,54,72,66,36,106,55,91,15,46,58
6,72,60,68,82,49,77,45,38,55,44,76,82,80,40,39,37,50,47,43,68,55,35,72,39,60,68,61,68,42,32,94,58,36,49,58,79,68,74,49,29,31,65,33,66,83,37,26,49,64,68,63,34,89,52,48,55,29,74,98,40,40,48,64,75,78,57,64,71,54,30,20,69,39,70,58,62,32,42,40,54,37,114,62,63,62,44,48,75,88,50,64,78,70,44,27,84,34,43,63,67,81,50,83,40,97,72,56,26,34,55,38,58,30,59,75,61,63,38,84,41,43,70,43,61,46,58,80,50,71,78,35,56,59,65,75,58,50,59,67,44,35,59,36,35,74,54,53,84,43,67,85,32,65,79,46,79,65,73,74,98,26,68,75,81,52,28,58,62,52,14,72,53,50,95,94,39,47,78,70,30,73,61,93,55,61,52,45,48,76,37,34,52,75,25,84,56,24,46,45,43,97,32,45,46,102,74,74,61,43,67,93,37,76,62,64,56,43,33,45,73,53,22,68,34,118,60,39,38,46,51,38,55,44,38,41,68,76,51,46,33,59,91,72,33,51,42,51,45,87,43,57,90,72,63,56,79,55,51,57,66,48,71,72,68,39,75,38,62,34,85,29,33,73,82,47,46,48,38,37,95,15,76,66,59,61,55,21,86,59,69,51,84,74,54,88,37,78,35,55,52
6,51,45,72,102,41,86,66,60,47,41,61,89,68,20,23,39,65,52,72,102,60,34,56,50,73,80,60,78,38,44,98,62,54,71,52,66,67,68,31,50,28,61,23,62,74,47,37,61,67,75,76,48,86,58,66,93,33,61,84,55,32,49,77,102,81,30,49,86,58,57,9,55,53,60,36,69,27,61,53,70,23,138,57,53,73,35,43,86,84,57,59,60,65,29,37,71,43,45,79,37,83,83,76,51,77,93,46,36,25,41,55,85,36,69,75,46,63,26,59,40,51,79,45,54,71,61,80,54,75,70,18,88,76,72,61,62,46,52,65,73,54,65,48,27,61,58,75,83,44,38,61,58,77,68,59,64,84,74,80,111,37,74,71,69,55,20,57,47,66,29,72,54,41,126,87,52,37,50,55,41,41,61,94,60,46,61,53,40,51,53,25,90,80,37,51,45,36,65,60,46,84,48,48,43,117,85,80,57,51,66,81,52,71,94,57,45,61,47,48,87,52,52,28,22,121,67,40,47,46,22,55,66,24,38,41,65,80,32,44,47,84,80,99,37,59,48,57,51,71,63,64,94,82,41,74,63,55,55,77,48,37,95,64,79,54,87,68,55,35,76,44,28,104,64,44,29,58,58,58,82,23,43,70,34,52,45,19,80,45,67,69,85,88,64,103,43,89,33,44,34
6,69,67,80,86,41,69,46,51,44,40,67,63,100,27,22,42,34,73,44,70,61,31,67,58,96,67,62,67,36,38,83,79,48,50,82,67,62,92,45,40,23,57,44,64,55,38,30,59,76,81,85,41,89,56,40,58,30,73,74,83,39,72,60,67,73,44,41,75,55,17,27,83,41,46,52,89,33,70,56,75,34,115,53,69,59,33,39,65,77,48,50,59,85,42,37,75,26,43,56,54,83,64,83,42,96,90,70,35,51,44,45,87,39,65,65,54,59,45,69,43,74,73,57,67,56,46,62,67,65,65,24,53,85,67,89,63,47,70,55,65,51,58,42,34,72,76,68,69,48,56,49,58,87,33,43,46,89,78,79,104,19,73,78,76,44,25,57,62,49,25,60,56,34,123,78,55,45,58,56,25,45,57,79,63,49,33,57,41,64,47,32,79,65,46,67,50,51,65,46,67,89,39,43,44,96,87,87,63,61,69,85,52,57,70,71,56,32,63,41,80,56,42,37,21,97,101,49,38,47,33,65,71,26,20,28,56,65,36,48,40,72,125,113,27,63,55,48,41,85,82,90,100,69,55,60,83,56,39,44,54,30,94,48,54,44,92,41,77,35,64,24,35,76,66,39,35,54,62,44,81,29,76,44,43,58,69,29,58,66,58,58,94,70,49,108,34,88,19,48,44
6,50,60,65,83,58,94,50,68,56,42,86,56,75,31,39,53,55,65,51,84,73,29,63,41,73,68,74,51,46,58,85,87,66,48,51,51,74,57,33,62,26,54,69,65,63,40,39,64,81,73,78,46,77,39,47,104,35,86,88,62,33,63,74,74,81,48,56,97,70,49,24,62,59,64,40,58,27,67,45,73,39,98,61,63,35,55,44,92,69,64,64,37,74,43,22,54,32,49,66,58,93,76,113,41,103,66,51,17,60,44,52,82,38,61,88,31,92,51,52,49,74,57,64,66,52,67,72,48,70,69,29,72,93,44,73,67,30,58,60,70,44,52,59,40,75,54,47,95,46,34,74,40,62,47,73,61,72,54,83,111,24,87,79,103,27,12,73,69,70,34,66,44,48,98,75,57,44,57,69,44,55,49,81,54,50,52,53,43,68,57,41,94,83,43,79,38,30,62,41,49,94,15,36,39,106,77,89,57,61,86,91,33,105,67,62,32,40,67,36,80,47,46,49,32,91,69,51,47,43,23,53,80,43,27,33,69,53,26,32,43,51,104,123,29,65,37,48,47,93,58,75,80,64,60,60,90,68,60,50,66,36,85,87,57,52,74,32,64,46,64,30,37,76,57,31,35,67,37,53,94,28,73,73,37,65,70,8,75,77,75,76,82,56,47,106,43,99,43,39,54
6,41,64,41,81,51,88,56,62,65,48,46,43,68,26,44,53,41,81,41,114,65,40,74,49,69,90,75,69,35,39,87,69,45,49,50,73,75,75,45,56,23,55,37,66,57,47,49,51,67,64,66,72,91,38,39,79,30,61,94,70,45,67,72,78,69,46,54,75,59,43,31,70,48,55,34,78,23,76,63,81,39,150,61,57,60,60,59,75,80,54,63,67,74,44,19,44,36,55,60,49,65,84,83,36,113,70,66,30,58,44,48,79,37,72,110,57,75,66,69,28,58,73,63,53,62,54,89,63,72,65,29,69,60,55,63,63,50,45,63,82,63,48,40,30,80,71,55,72,69,61,56,47,79,53,62,78,70,66,80,105,47,90,61,98,43,7,42,70,61,38,76,37,23,101,90,58,43,54,64,39,55,52,110,65,41,52,43,71,66,60,39,77,97,34,71,54,42,43,55,45,100,29,35,45,92,93,75,69,71,89,115,30,78,60,32,43,54,59,46,97,47,35,39,33,105,56,55,48,43,18,46,77,36,36,37,75,55,28,52,56,68,93,103,25,51,34,53,36,100,50,58,96,71,68,50,67,45,77,59,67,48,84,70,81,31,72,30,68,41,76,27,47,95,59,45,38,46,57,51,77,33,48,55,42,51,56,23,80,53,61,81,58,58,48,102,56,97,24,39,57
6,54,55,64,73,55,72,58,53,71,53,57,70,78,24,44,59,23,72,39,86,81,33,60,33,67,75,61,41,46,30,99,78,65,62,51,64,119,67,51,57,32,52,51,67,43,36,32,69,89,72,78,55,75,39,58,55,30,83,104,72,34,74,60,80,62,46,56,79,49,34,35,61,62,63,55,69,28,59,31,55,34,126,51,52,63,33,60,77,60,59,60,43,71,42,43,58,36,72,58,49,66,47,85,49,129,75,63,41,47,73,57,77,25,91,77,36,81,40,51,34,59,69,54,63,43,58,63,67,51,67,36,66,53,86,95,56,63,84,73,65,46,61,48,23,71,70,59,80,52,33,73,44,82,49,48,48,91,64,94,103,29,74,67,76,31,9,61,88,68,24,57,47,26,97,95,35,44,54,70,33,48,36,99,56,39,49,50,47,85,49,36,68,89,35,50,48,38,59,35,51,112,39,31,41,98,77,84,64,55,85,80,47,83,69,56,55,52,49,31,73,52,40,44,43,112,82,35,38,61,37,46,90,26,33,25,58,64,31,57,52,78,110,88,35,66,39,41,56,94,57,66,85,64,46,62,90,81,66,60,54,42,80,80,83,42,58,29,84,38,71,36,36,104,72,28,71,58,70,50,73,42,51,77,26,54,64,19,94,53,56,56,69,68,50,114,50,100,22,50,56
6,60,63,62,116,44,80,59,53,58,46,54,79,62,29,29,46,54,67,50,89,72,30,59,54,81,68,60,61,55,21,98,62,59,58,40,68,70,90,56,47,27,48,54,54,42,53,25,43,78,84,89,54,68,63,44,70,40,80,81,64,29,59,35,72,56,53,45,103,56,27,38,72,34,74,43,77,24,73,47,42,33,137,83,55,57,53,57,69,61,60,70,54,60,49,24,67,38,65,53,61,59,67,80,37,109,84,78,37,30,51,66,88,31,55,46,35,76,43,49,28,71,81,62,54,50,46,59,62,60,58,43,59,75,66,76,52,53,47,51,61,44,58,33,30,86,47,44,78,52,58,55,45,91,51,49,64,71,89,89,120,19,101,80,110,51,13,74,55,61,31,76,43,35,98,116,53,44,57,59,40,60,45,84,59,43,57,74,36,83,43,34,80,78,31,83,54,55,61,28,39,87,32,33,37,79,77,60,62,56,61,88,37,86,76,57,51,59,60,35,102,39,33,40,33,113,66,42,59,55,33,50,79,30,31,27,73,68,39,41,52,65,89,96,29,67,52,48,49,64,85,71,76,70,52,66,77,62,73,52,41,47,91,80,73,40,86,29,61,40,74,33,48,94,66,34,46,59,56,50,78,34,59,73,39,64,72,32,79,46,55,59,75,80,52,92,46,105,27,46,37
6,43,58,66,94,48,95,57,46,61,49,44,60,61,20,44,36,26,63,50,78,65,34,56,36,82,89,47,60,40,50,81,57,73,52,68,64,71,84,47,41,31,42,42,52,49,45,36,47,82,113,81,53,72,43,43,81,23,68,77,72,42,38,56,66,66,41,47,100,56,27,21,77,46,68,40,75,45,69,63,55,44,119,52,46,74,68,37,63,65,72,68,63,85,55,46,50,23,50,67,58,66,64,89,40,102,97,58,40,43,47,46,63,41,68,62,53,71,41,68,53,56,59,63,37,66,56,73,44,65,73,31,61,68,50,79,59,59,67,63,64,37,55,30,50,82,73,56,69,66,44,52,39,80,46,45,56,78,61,71,111,23,84,65,87,53,16,78,59,59,36,62,63,31,95,85,42,35,58,76,45,55,63,90,47,47,40,61,42,63,53,43,60,83,34,56,56,33,42,38,66,91,27,20,47,115,75,94,55,64,74,104,37,65,78,82,43,51,69,52,104,60,35,44,32,108,47,37,54,37,30,63,55,25,30,35,68,55,43,42,45,71,115,88,25,50,35,43,59,72,65,71,96,87,59,75,112,69,56,40,72,40,95,86,65,62,77,29,77,35,78,27,39,105,55,20,44,61,49,25,73,25,62,71,34,60,65,19,83,54,72,64,78,56,59,85,31,87,28,36,31
6,61,58,69,93,56,58,58,44,61,40,50,67,81,27,28,35,50,50,45,104,65,42,75,57,68,54,58,66,38,31,88,64,67,52,44,52,84,76,37,53,18,62,34,68,56,36,21,59,84,103,67,50,69,56,34,87,34,80,79,60,35,34,56,63,79,42,45,68,51,30,25,67,53,70,63,77,23,75,62,53,42,127,47,54,67,43,53,104,85,63,65,57,78,42,32,49,35,43,49,43,54,73,101,49,91,87,53,41,45,46,52,74,36,74,73,53,71,41,64,31,63,56,57,77,56,65,71,57,56,71,31,70,70,63,79,57,52,54,74,71,35,76,39,36,71,69,64,79,59,58,56,51,74,54,49,64,97,57,61,122,33,94,69,73,57,14,70,52,59,15,95,44,40,138,85,49,47,52,56,29,44,67,77,62,46,55,62,61,77,51,42,77,73,35,73,67,43,64,60,65,108,23,30,40,106,96,62,70,47,59,105,45,67,98,66,50,54,52,56,85,53,43,54,49,122,80,42,44,51,26,58,68,25,50,36,85,56,27,41,61,64,112,87,26,69,41,55,47,76,61,85,62,70,56,58,92,63,61,65,66,48,87,78,79,40,85,29,69,31,95,21,45,96,60,28,33,47,73,49,86,47,39,67,29,51,58,13,81,48,87,65,95,48,63,91,40,58,21,49,55
6,53,55,71,83,45,75,61,63,49,41,45,50,63,28,34,49,48,70,67,85,73,35,73,44,43,85,65,47,41,30,96,78,58,64,63,64,84,89,31,74,29,63,28,82,67,39,31,64,75,87,75,63,99,41,42,72,29,58,96,66,49,53,53,81,56,46,49,99,53,36,22,65,49,51,48,78,32,56,55,70,32,129,71,58,61,42,64,78,75,52,48,57,75,39,29,55,26,34,55,55,85,60,100,40,121,85,62,19,54,51,41,81,45,62,90,35,87,38,65,38,85,54,48,79,67,68,74,48,64,89,46,69,88,58,64,74,43,79,51,53,22,67,60,47,76,52,71,97,54,58,68,48,75,64,46,51,87,67,87,108,29,69,76,86,32,28,65,71,75,26,71,48,29,89,91,48,23,65,46,36,65,61,104,57,54,62,54,40,51,70,28,86,76,46,59,72,37,73,51,59,91,29,29,43,119,97,95,69,48,86,95,44,81,65,61,47,42,67,43,90,59,50,25,23,75,68,44,40,43,31,48,74,20,36,43,73,57,23,40,37,48,106,99,45,66,37,45,40,88,62,59,93,61,56,70,89,63,57,65,41,34,99,98,81,55,72,38,66,44,89,31,38,91,74,18,54,42,63,53,105,17,51,63,33,79,60,25,90,45,70,64,77,74,57,103,37,91,26,30,46
6,69,74,80,88,40,93,60,48,41,38,50,63,74,33,45,41,38,55,52,94,68,17,57,66,77,55,62,71,52,33,101,77,78,62,50,55,72,71,52,66,41,31,48,52,60,41,31,86,64,76,92,63,68,67,35,82,29,54,102,57,50,44,55,83,56,41,53,88,58,38,31,82,64,58,36,79,31,68,41,66,35,117,55,65,70,29,38,74,73,57,58,53,69,46,30,62,40,64,46,73,88,92,93,41,119,90,59,35,47,56,44,81,41,65,66,38,70,36,56,31,62,65,60,60,65,54,59,63,71,72,28,71,68,78,75,51,35,79,44,58,41,57,48,31,90,86,64,73,64,51,61,52,73,53,53,70,67,71,84,92,22,89,90,84,43,17,61,35,78,21,75,40,41,107,111,60,49,65,54,42,52,66,88,55,46,49,51,34,52,56,28,61,94,50,85,61,28,45,55,36,90,43,45,55,126,102,81,66,53,68,74,41,108,84,81,59,41,49,53,65,62,37,64,22,114,77,43,50,37,39,58,71,26,41,50,66,67,48,36,51,65,97,85,28,71,34,30,39,94,70,61,70,75,58,79,81,57,47,57,45,46,85,98,91,40,77,44,77,37,88,33,40,84,70,49,52,53,69,53,71,39,70,79,35,61,79,34,81,60,58,71,75,92,55,83,37,73,40,72,56
6,86,52,77,73,32,76,74,49,49,45,60,52,62,46,43,33,56,49,55,103,58,37,56,39,71,95,74,61,27,55,80,57,51,48,50,60,74,72,49,35,17,51,37,71,64,72,29,52,73,64,64,56,69,67,44,57,39,55,75,49,47,45,46,77,62,31,63,80,55,24,35,68,39,58,47,75,34,58,43,62,32,119,60,51,66,56,44,89,58,47,40,68,64,55,49,59,36,41,53,45,92,51,82,38,80,95,67,26,28,72,49,68,36,62,66,44,59,53,78,56,79,83,58,79,62,61,60,50,77,80,30,58,70,58,87,83,39,61,72,51,34,55,48,32,71,66,53,74,64,70,42,42,51,58,42,77,62,73,89,100,22,99,84,89,63,34,56,58,57,38,58,55,36,107,90,62,44,60,59,45,52,70,93,50,42,40,66,54,59,70,27,53,78,33,79,26,33,67,56,56,80,34,43,49,82,98,77,51,52,78,68,28,72,80,50,37,48,49,44,65,35,37,44,20,109,60,53,33,21,28,45,70,29,35,51,75,78,26,31,39,81,85,91,28,66,47,55,44,69,53,65,81,93,40,56,72,61,40,49,39,46,80,72,70,38,88,44,73,47,63,35,37,94,56,32,45,61,58,51,78,28,60,61,29,59,61,22,58,74,67,49,70,59,46,86,40,75,37,35,42
6,65,59,72,92,44,73,71,44,53,41,54,76,100,16,55,50,50,69,42,91,70,36,74,36,70,66,67,76,41,49,74,64,66,49,61,54,72,76,44,39,22,52,36,70,71,29,25,51,81,74,76,66,89,39,48,83,28,75,61,81,29,54,56,68,78,48,38,96,58,37,30,106,49,64,38,83,40,68,50,77,50,125,58,54,48,35,56,79,95,45,63,53,30,44,22,63,43,75,68,49,92,87,59,47,100,94,62,26,45,48,60,77,33,62,86,61,70,57,64,33,62,78,47,78,42,62,71,66,46,53,21,77,63,76,64,66,44,63,68,59,41,66,46,31,78,44,74,71,53,66,59,54,61,52,40,94,72,58,77,101,43,87,66,91,56,23,72,85,61,43,62,45,34,97,72,59,53,85,79,31,77,70,89,60,35,50,56,52,59,56,26,88,101,28,64,49,42,44,45,49,103,24,30,50,112,81,94,68,55,98,87,58,91,89,61,38,54,62,47,85,36,41,59,28,95,80,61,73,36,38,50,63,39,22,35,70,82,32,31,41,92,88,88,28,50,47,45,57,111,60,70,88,57,56,58,72,45,60,79,52,41,99,91,59,40,84,31,74,46,59,28,32,98,70,30,46,53,46,55,68,32,57,66,37,73,50,24,75,54,53,75,71,67,49,91,35,92,25,42,52
6,49,59,42,80,38,74,46,45,70,62,65,56,69,27,37,47,44,47,36,76,52,28,58,49,82,75,63,71,53,44,84,89,51,59,54,70,41,78,60,44,20,58,53,82,62,51,13,64,88,68,94,49,85,55,51,66,46,67,90,59,24,64,51,88,89,46,42,60,63,44,24,63,62,57,39,71,40,70,40,62,28,91,43,45,57,44,62,85,81,56,57,68,77,59,39,65,41,67,45,70,72,61,91,41,111,82,66,20,41,56,49,73,46,57,71,50,47,46,65,42,65,54,50,66,63,61,67,52,70,59,38,60,68,60,79,55,53,68,47,56,48,60,47,43,82,73,61,82,47,56,63,44,63,48,50,83,77,44,71,85,34,78,84,78,46,33,69,60,92,30,76,38,30,93,88,46,52,56,43,43,54,53,96,53,36,52,56,57,58,59,52,73,78,33,75,51,34,53,72,42,93,31,35,55,123,89,81,66,61,81,77,40,85,66,69,45,51,34,51,78,41,51,35,32,99,69,36,33,53,28,38,72,31,34,39,60,66,46,44,59,66,111,112,24,46,35,38,45,97,70,61,75,68,69,70,59,68,52,48,47,50,102,90,88,52,80,42,45,32,73,42,36,81,70,37,35,47,59,54,96,37,70,58,56,71,59,21,102,40,83,65,86,58,50,108,41,62,45,34,48
6,59,77,81,93,46,60,60,60,67,64,69,76,58,29,32,50,44,73,57,85,49,24,69,43,93,72,60,85,46,40,81,83,70,63,54,56,71,90,55,57,26,36,46,47,58,62,22,43,84,76,84,36,84,54,42,54,28,57,93,53,44,45,86,76,77,37,49,76,45,26,31,112,55,58,51,73,36,73,47,84,25,134,81,45,59,41,43,72,87,56,54,57,70,46,30,80,37,47,62,41,68,71,95,40,110,80,60,26,41,68,72,68,38,67,76,60,76,39,60,27,50,74,48,61,47,66,89,63,74,85,37,61,74,64,85,55,39,49,72,103,51,67,25,44,81,46,65,82,39,40,56,55,67,57,43,80,63,78,95,124,15,85,72,92,50,17,80,49,57,23,66,46,35,83,74,38,44,63,51,23,58,54,122,44,42,70,55,42,50,51,31,63,113,41,73,49,46,45,45,59,83,37,31,42,84,100,67,51,57,66,87,44,92,63,72,47,45,53,26,74,46,32,65,28,112,65,40,43,58,39,49,62,15,23,47,71,72,28,43,39,82,82,104,48,59,36,58,45,63,69,70,81,78,59,52,88,71,56,47,57,47,74,72,60,40,85,35,74,39,88,40,51,79,72,23,38,58,44,39,84,33,44,58,36,65,52,22,74,56,56,62,63,60,56,94,31,86,38,49,55
6,62,52,77,90,45,97,62,64,48,32,58,63,79,27,36,55,24,64,55,108,67,49,73,41,69,70,71,75,45,20,63,63,61,71,50,85,82,73,41,57,26,48,51,71,73,38,42,60,91,76,77,49,97,46,55,112,49,69,82,47,26,75,66,64,68,41,41,106,50,36,21,87,41,51,29,78,35,66,49,69,20,139,73,46,61,45,67,65,77,41,64,86,90,35,43,65,33,78,70,46,83,58,74,40,75,101,48,31,53,55,60,83,26,55,66,62,87,37,60,42,64,53,58,49,55,36,72,74,57,77,37,53,90,52,85,42,45,72,76,64,45,62,37,50,79,70,95,94,48,61,53,53,65,57,56,75,91,69,73,114,31,85,67,78,47,25,81,43,73,25,54,44,19,111,87,59,41,57,64,59,36,61,74,57,46,61,62,37,71,72,46,86,75,43,73,63,57,66,48,62,77,24,63,53,110,89,78,49,49,94,95,39,76,77,44,38,72,47,55,89,46,49,45,42,103,72,43,59,36,37,61,68,28,25,30,79,51,24,47,66,72,93,106,33,66,36,56,62,63,64,64,94,70,82,71,61,69,84,67,60,38,99,67,77,43,84,45,55,55,81,45,37,81,58,57,55,67,61,57,74,42,87,54,31,66,50,13,68,48,61,77,74,63,52,106,54,70,44,46,81
6,55,60,71,75,53,73,65,66,56,53,81,58,78,23,36,62,49,59,46,95,73,43,66,40,86,84,50,77,34,50,78,87,60,68,45,64,82,87,57,51,20,46,33,76,73,42,27,63,71,81,77,70,84,41,45,83,44,67,78,50,33,70,74,52,63,36,44,51,61,49,29,72,39,88,51,73,30,81,54,64,23,107,66,46,63,47,49,85,71,67,48,68,83,43,42,57,33,52,43,53,95,63,79,39,115,89,53,29,49,50,52,90,36,65,84,51,80,42,51,57,79,66,40,83,59,58,76,61,59,71,24,54,73,62,67,57,63,58,83,56,51,70,38,37,80,64,66,71,65,51,76,49,73,86,54,75,75,80,91,95,26,76,77,100,45,12,62,49,55,38,59,40,29,111,84,70,53,88,67,43,42,39,85,62,44,57,80,47,64,58,51,74,66,37,64,42,51,53,65,50,71,37,27,41,93,90,95,95,61,71,76,52,75,65,49,45,53,54,48,81,39,42,65,27,116,51,24,63,58,34,43,56,37,46,33,64,70,38,41,43,70,114,110,37,56,54,60,53,102,56,80,75,55,53,59,70,77,46,40,46,41,115,76,69,45,65,42,68,60,78,28,41,119,70,43,44,61,44,55,70,27,72,65,37,45,58,21,91,47,52,79,76,70,67,95,56,84,29,65,51
6,50,45,69,86,37,100,63,38,55,51,52,93,66,21,30,56,33,66,45,107,68,36,59,57,68,85,79,62,39,36,61,70,57,65,45,75,55,71,50,62,30,51,47,63,82,41,33,62,78,69,64,61,86,44,61,72,49,53,59,56,26,76,64,58,58,47,37,95,54,30,20,84,49,59,39,86,35,71,50,47,37,103,79,37,57,38,64,100,71,39,65,54,79,37,35,65,35,46,82,40,116,51,77,40,101,95,45,26,49,55,43,76,41,56,72,51,67,37,75,22,90,62,50,50,55,66,69,82,68,85,33,71,87,56,81,61,48,48,67,61,50,61,35,32,80,75,80,76,70,68,46,47,109,49,39,77,87,61,74,100,27,82,67,68,47,25,57,49,68,19,87,48,34,99,87,61,35,54,62,44,71,57,85,52,38,65,51,57,54,45,32,72,99,38,72,43,45,33,58,43,74,30,39,29,104,105,70,81,57,82,114,37,82,71,47,31,50,45,42,90,43,51,54,34,111,71,52,52,43,26,42,73,39,51,35,63,58,25,46,61,71,123,114,41,52,50,65,53,95,81,84,79,58,63,52,76,58,73,62,55,45,96,89,61,55,68,48,76,29,82,42,53,95,56,38,32,51,45,39,86,37,69,62,58,67,53,16,57,64,67,73,84,84,54,123,71,86,35,53,57
6,61,41,70,77,51,65,62,68,49,48,66,64,58,40,33,45,49,73,54,86,46,28,59,32,106,69,69,66,42,33,86,72,62,68,57,86,79,92,42,44,40,54,40,71,83,40,29,72,81,65,86,71,64,42,46,85,46,84,100,65,26,45,71,75,72,34,54,93,62,42,28,48,53,47,46,68,32,77,49,75,27,122,71,46,65,49,58,105,93,50,60,60,75,29,31,71,27,64,78,51,80,53,83,41,86,93,62,32,49,32,49,87,46,74,88,42,89,43,53,42,82,76,41,65,51,61,79,53,70,64,34,69,81,58,88,61,53,49,72,76,39,67,45,22,83,66,63,86,67,46,79,45,79,83,62,67,66,64,66,115,29,69,54,82,39,13,70,79,66,27,60,40,43,110,68,46,38,61,66,40,43,66,74,46,43,41,54,60,56,62,55,72,81,54,83,49,29,43,55,57,85,27,52,39,106,74,67,72,59,80,96,37,87,64,65,49,54,50,40,71,47,44,53,32,107,66,46,64,36,20,44,85,28,40,41,50,65,22,30,61,86,94,91,30,62,34,45,55,78,66,53,80,61,84,60,78,54,71,73,42,42,81,79,62,47,97,36,68,43,65,35,25,78,68,46,49,32,54,64,68,30,57,75,23,60,36,21,79,48,58,68,63,68,41,104,49,95,42,45,71
6,67,53,54,98,38,76,54,58,62,49,69,61,84,24,32,26,39,76,30,79,65,28,51,37,92,82,58,75,41,33,80,64,48,59,66,101,80,78,47,49,33,60,40,77,46,55,27,55,68,40,87,52,94,57,54,61,36,60,83,64,42,62,55,57,73,55,45,78,65,42,31,81,54,71,38,69,15,67,58,92,24,110,77,40,58,34,70,61,93,55,64,82,99,36,48,50,43,46,73,39,87,65,75,54,91,86,71,34,43,40,40,86,32,73,77,43,76,35,61,40,50,69,52,50,45,55,68,86,64,77,42,78,55,77,60,47,47,50,59,86,46,59,41,34,75,58,64,104,47,54,63,41,86,58,87,68,74,61,61,128,26,81,80,96,33,42,69,54,60,36,55,56,51,93,96,40,34,72,48,32,57,61,71,65,51,50,60,52,54,55,34,87,64,45,73,54,37,65,76,71,80,25,42,40,107,91,62,56,73,73,87,34,72,44,74,41,54,51,59,60,44,47,75,30,89,81,42,70,33,22,50,76,31,45,43,72,57,38,29,71,47,94,93,35,55,55,62,38,76,80,49,73,63,62,56,58,65,54,69,56,47,73,85,70,47,77,43,62,67,66,28,49,97,64,45,39,48,70,43,60,44,71,81,50,80,66,14,68,64,54,78,76,81,85,127,38,77,50,52,56
6,62,55,66,72,58,52,54,54,62,66,58,68,71,15,24,42,36,72,43,83,67,40,45,41,66,74,68,50,28,39,66,66,39,70,61,82,63,68,40,43,33,48,32,89,51,47,43,63,73,75,81,57,70,56,55,89,42,71,88,64,55,47,66,82,78,35,53,115,81,24,32,71,46,69,51,75,34,68,49,52,21,129,48,56,50,49,78,85,80,53,56,70,106,49,32,65,34,51,83,35,64,72,74,46,96,113,61,34,42,24,49,70,38,71,72,42,76,40,45,36,71,59,50,87,47,44,74,63,81,56,36,72,68,59,71,67,53,71,81,73,46,59,42,31,64,72,64,77,48,73,55,32,74,48,54,70,95,75,65,103,33,87,81,76,43,22,86,53,60,28,57,47,52,115,103,53,45,70,58,58,64,64,86,65,44,52,73,66,51,52,47,85,87,20,68,35,31,54,47,76,92,40,50,28,105,72,99,61,63,72,106,42,68,63,77,28,57,52,49,87,50,32,41,45,109,60,40,55,41,38,39,48,45,48,31,59,78,30,43,59,77,109,116,39,38,35,62,55,96,72,49,89,67,40,55,71,79,52,50,52,32,106,90,80,53,72,37,62,61,76,24,40,96,75,42,66,63,45,56,85,28,78,58,34,62,58,16,97,68,52,56,71,70,54,117,44,89,48,60,76
6,73,55,76,81,54,98,50,56,52,71,49,74,80,21,22,53,46,75,44,67,65,41,67,42,81,82,63,82,38,41,78,65,49,45,58,84,79,86,53,44,20,68,45,67,61,34,12,48,108,73,80,55,74,38,64,72,50,65,61,58,30,68,47,68,80,52,37,66,55,34,26,74,61,50,28,57,26,54,42,69,22,133,68,53,71,44,58,78,71,43,44,69,87,26,35,61,16,50,79,30,89,54,82,53,91,87,40,23,35,52,54,73,31,78,81,40,74,41,53,45,54,55,45,65,76,48,67,58,50,60,43,74,65,63,72,56,78,61,48,70,38,57,35,25,72,71,72,91,55,68,69,46,85,79,70,45,92,90,80,88,42,99,76,74,32,15,58,54,61,25,78,55,39,88,95,37,49,55,73,50,44,76,88,56,39,71,54,48,70,50,46,66,68,37,64,44,47,41,55,56,83,25,41,36,109,79,65,60,51,92,86,37,68,44,49,37,55,60,38,75,49,47,55,42,93,61,36,50,25,34,44,73,38,55,31,62,50,47,28,57,71,128,105,33,61,40,54,45,79,64,68,73,52,70,63,79,50,68,73,49,44,95,68,79,39,63,39,62,41,70,30,64,103,63,52,41,59,52,61,89,44,63,66,30,57,70,18,70,51,70,73,95,75,65,106,52,83,56,52,55
6,63,56,59,75,32,98,81,39,65,54,68,80,63,28,26,48,61,63,43,76,64,33,97,46,91,73,51,73,43,50,66,84,51,48,61,93,91,77,57,59,30,53,38,80,67,45,32,72,97,68,79,53,76,44,68,84,55,66,64,62,30,68,49,86,86,54,39,72,57,29,19,57,49,69,31,90,26,74,69,84,35,122,63,45,73,48,61,74,70,42,66,67,109,28,33,57,35,63,74,62,83,70,78,38,91,92,54,32,40,58,40,82,31,68,52,42,74,48,62,35,79,57,48,57,59,64,81,70,65,91,46,57,92,69,59,54,59,56,78,65,43,52,44,47,94,51,72,77,44,68,57,62,85,54,49,81,66,81,70,99,50,90,61,74,44,36,72,63,100,31,63,66,29,82,85,59,51,56,64,40,60,76,89,51,55,47,56,65,49,39,35,59,94,58,69,51,41,47,70,63,84,37,41,35,114,105,72,58,63,81,104,50,77,61,58,43,46,52,56,90,58,24,61,31,99,54,52,44,35,26,37,67,66,57,55,67,69,39,41,37,82,95,108,37,43,49,43,60,91,89,76,70,58,70,57,69,48,68,66,48,49,85,70,59,49,84,31,54,66,58,32,36,81,59,68,40,44,65,64,95,38,76,42,46,66,63,26,94,54,77,67,79,66,62,104,53,89,49,37,66
6,65,68,74,89,34,83,59,40,47,42,65,59,56,34,28,60,40,53,33,81,53,39,71,48,62,77,75,81,41,48,69,66,61,58,56,72,66,69,57,65,22,42,42,71,69,55,43,67,80,61,64,67,98,51,43,72,44,76,83,77,47,71,57,63,71,51,52,82,63,34,16,80,56,50,37,70,26,52,57,70,43,122,58,46,64,47,57,89,63,50,62,75,73,38,34,55,49,72,73,63,87,58,100,55,123,80,51,26,52,57,47,102,24,75,93,50,80,32,61,31,75,64,38,62,43,61,60,51,62,82,34,75,62,53,75,75,45,63,78,85,55,59,41,34,70,67,64,88,67,46,73,49,91,53,57,57,84,78,77,106,17,79,61,85,51,29,72,56,70,35,71,43,25,103,90,64,48,60,57,46,77,76,97,50,58,52,51,55,54,60,46,87,76,46,65,40,55,47,62,43,93,35,28,38,95,82,78,64,52,78,90,22,92,56,62,62,55,42,47,69,58,45,43,22,108,77,53,61,51,43,50,82,40,50,26,75,50,30,59,58,86,97,100,32,66,47,57,44,95,69,68,83,71,81,58,97,53,70,55,61,34,74,90,82,54,92,38,58,50,86,34,39,85,72,45,54,43,58,53,86,31,88,66,36,72,50,28,88,47,69,56,82,71,35,104,36,85,52,50,49
6,68,57,87,110,59,81,61,65,61,49,57,79,48,21,30,51,50,68,42,89,70,34,62,42,99,67,56,81,40,33,68,67,55,81,59,79,72,69,59,50,33,41,39,67,55,55,33,52,73,86,61,64,85,55,65,75,49,69,65,54,38,80,64,76,62,63,50,91,60,37,21,63,45,50,42,78,29,72,55,63,47,145,52,39,45,56,59,85,100,61,74,40,79,43,30,73,35,56,86,51,80,59,81,37,93,77,75,24,45,42,47,94,52,51,64,41,75,43,56,37,61,72,48,44,55,62,58,83,65,71,34,78,74,61,70,40,55,52,78,67,46,53,36,36,65,70,62,96,57,53,63,43,61,61,77,66,90,71,82,93,31,76,61,83,37,21,71,65,55,29,64,55,32,111,86,65,41,72,69,44,68,83,100,40,35,55,65,61,43,63,41,64,78,46,74,49,36,53,48,68,82,38,51,54,107,79,82,58,59,82,78,31,95,74,95,49,48,55,57,83,43,49,62,34,105,61,30,61,52,27,54,74,39,47,44,67,74,18,38,51,77,111,95,19,58,56,56,60,75,69,59,91,82,57,51,50,73,74,54,65,39,77,79,79,58,84,52,70,58,91,31,39,92,71,42,45,51,66,35,83,38,77,89,38,57,65,35,53,67,66,66,80,70,55,103,47,85,41,33,49
6,73,54,60,72,48,85,58,45,40,50,62,75,56,28,24,64,28,46,39,78,63,35,65,52,80,85,48,85,39,39,76,97,56,47,60,74,93,79,69,42,47,56,42,64,52,43,26,61,77,73,78,54,73,68,55,59,27,73,81,51,37,82,61,77,53,51,42,80,60,14,30,84,54,71,45,89,30,92,57,61,32,110,57,64,63,28,38,76,91,51,64,57,70,33,30,59,35,60,64,38,75,50,88,48,82,85,57,28,44,54,55,84,54,57,70,59,56,36,67,37,90,63,35,65,41,58,84,62,79,68,49,81,67,69,75,63,56,71,77,95,60,69,35,33,78,59,50,66,51,48,68,54,83,65,72,72,76,76,74,94,27,87,76,86,38,30,75,58,87,35,63,49,28,95,96,45,45,63,54,59,52,70,111,48,39,60,55,68,48,55,49,95,87,36,75,55,46,45,57,65,77,32,51,34,106,79,72,69,51,73,93,31,78,55,50,40,53,59,45,88,55,41,54,30,89,96,34,57,47,44,46,82,24,39,42,44,63,32,38,59,69,107,98,36,55,47,61,53,84,57,68,94,80,78,55,64,65,61,65,59,34,92,60,51,52,89,33,51,40,85,40,50,92,77,42,42,50,72,73,92,36,71,65,40,61,62,17,87,63,73,62,81,60,65,87,40,93,25,41,80
6,55,57,82,80,55,84,63,47,90,52,73,59,54,42,38,34,36,72,60,82,98,58,62,62,97,88,64,80,49,34,93,81,70,53,67,83,74,65,62,45,34,48,33,77,87,48,49,74,95,74,68,65,93,43,61,86,35,90,84,76,49,60,46,70,78,64,66,61,48,38,33,89,51,73,41,71,43,75,60,53,34,124,89,49,50,39,75,73,62,54,74,74,91,42,39,61,40,59,72,42,74,68,89,44,109,95,75,38,57,49,64,83,45,67,93,66,78,47,51,51,60,61,55,64,49,75,68,93,88,85,36,81,82,60,89,48,60,61,59,80,50,75,45,55,101,82,71,80,63,61,47,40,85,52,48,78,89,80,71,97,47,93,68,99,54,31,62,55,54,52,46,58,45,120,92,58,45,83,61,51,71,75,107,56,49,57,55,53,52,56,53,93,100,48,84,59,35,60,72,47,65,33,52,52,122,102,84,83,74,78,76,58,81,65,69,49,41,58,52,68,72,42,74,48,121,61,52,62,59,36,39,73,45,52,45,55,72,35,50,60,91,89,108,38,63,37,58,56,86,70,79,70,81,83,59,80,58,66,72,58,52,79,73,68,65,81,38,55,48,85,42,57,100,69,54,49,53,56,74,93,42,93,56,69,78,74,27,72,54,71,71,93,69,54,111,55,89,48,50,41
6,68,48,63,70,49,89,55,45,66,50,56,64,64,17,25,54,31,74,46,89,61,39,48,48,94,81,68,93,48,25,67,61,64,50,54,79,59,90,57,31,20,64,28,48,68,43,18,61,85,70,79,58,100,41,48,59,42,80,87,56,39,76,49,75,88,31,42,80,62,44,20,64,40,82,46,88,27,80,50,51,37,104,83,70,51,51,73,65,81,46,51,76,78,22,31,60,29,73,77,33,87,68,85,48,90,87,57,33,49,48,41,69,57,76,76,63,60,46,60,34,63,64,46,58,47,53,55,77,63,70,38,50,94,52,78,53,53,63,72,66,40,61,56,48,87,59,58,83,58,59,48,33,88,71,53,81,95,69,56,106,21,77,68,89,50,23,53,42,81,49,73,59,34,112,80,47,40,61,72,42,61,61,85,38,64,59,73,54,29,59,30,75,83,38,70,29,61,57,64,56,65,53,47,38,102,81,79,60,59,68,72,44,79,62,56,59,38,49,53,68,64,42,57,35,116,54,45,69,33,38,45,76,35,46,29,59,81,35,45,53,77,77,99,35,44,31,52,65,76,84,66,94,83,71,60,61,59,76,54,55,45,96,77,66,51,82,31,54,49,78,29,41,91,81,43,49,51,73,66,73,42,80,60,43,80,47,17,75,38,65,61,104,58,62,87,54,81,32,59,45
6,69,62,58,77,49,91,61,56,57,65,57,61,83,27,35,48,45,53,50,67,71,32,63,46,79,84,79,90,53,35,64,61,39,62,62,84,54,59,36,63,24,53,28,76,51,34,29,63,93,72,84,46,83,31,49,89,44,93,77,75,34,62,60,64,72,52,52,71,51,30,37,56,40,63,53,72,40,64,55,66,47,110,61,32,54,40,73,87,69,40,67,54,82,42,28,54,33,47,64,49,88,58,79,42,97,72,58,23,39,48,39,101,48,51,81,47,55,35,61,28,71,43,58,57,48,68,66,64,61,87,28,66,60,74,60,45,49,40,64,59,42,57,39,36,71,77,64,93,67,37,58,35,76,51,60,86,76,65,70,134,35,85,64,97,49,13,64,60,59,29,63,59,39,110,86,44,30,54,72,49,35,65,74,55,43,68,76,51,48,42,43,66,112,42,52,43,34,57,68,58,96,28,45,43,93,84,88,70,53,83,96,32,102,65,44,35,49,42,46,72,48,41,54,35,134,57,47,73,43,29,46,80,23,55,35,58,69,38,35,47,65,112,70,26,70,70,44,36,91,84,78,82,70,62,42,79,52,72,47,63,44,78,72,54,56,71,37,63,42,59,35,49,95,66,55,52,54,56,46,85,31,55,44,42,70,51,20,54,58,62,78,89,60,43,96,58,102,39,43,54
6,56,73,68,73,36,70,68,60,63,61,70,62,65,20,31,52,51,48,44,73,77,39,50,34,67,86,63,79,38,43,65,75,58,53,59,73,93,80,31,74,44,34,33,86,75,37,28,69,81,62,79,64,69,55,69,76,48,78,93,63,31,46,65,67,60,52,46,73,69,30,27,89,36,56,31,86,50,65,45,50,36,125,55,37,59,48,54,80,52,67,82,45,81,44,28,66,23,48,80,41,85,69,73,46,91,84,74,28,37,55,44,86,47,77,88,52,84,47,63,53,57,70,43,47,69,43,73,69,63,71,53,81,88,66,65,48,55,60,75,65,33,58,35,23,92,83,57,83,48,56,72,57,66,46,49,77,63,85,69,108,39,114,70,112,55,21,53,71,76,35,82,45,38,105,83,64,55,53,54,39,62,56,91,60,34,51,61,43,52,49,45,77,92,51,72,39,52,47,46,53,85,26,38,33,87,80,76,78,47,56,87,48,85,80,54,46,53,56,60,82,55,39,59,29,119,62,55,46,57,33,67,76,23,50,37,60,59,35,39,70,74,105,103,39,67,39,45,64,78,83,65,83,50,59,43,60,65,59,50,69,44,84,80,72,61,74,50,65,53,67,30,31,77,75,31,46,43,31,37,88,35,69,66,39,47,67,22,98,54,75,67,71,71,56,93,60,86,34,56,62
6,62,51,65,79,63,68,75,50,82,43,66,63,83,26,21,50,48,65,65,84,59,36,48,43,82,95,63,93,37,37,60,79,60,56,61,95,65,76,33,56,23,44,53,82,78,39,30,53,74,70,63,60,94,42,68,81,43,92,78,68,41,52,63,59,73,51,45,40,47,15,35,76,51,57,38,65,27,89,49,60,23,121,68,59,70,39,54,87,81,55,58,65,91,38,15,56,24,47,101,59,67,59,100,47,108,76,47,26,32,55,35,87,38,69,65,49,85,34,63,41,71,68,42,69,36,76,80,71,60,77,45,64,70,55,77,64,60,62,51,70,38,63,42,23,88,61,67,82,83,59,62,47,72,39,56,70,68,65,85,104,20,85,81,89,38,21,80,59,75,33,63,34,39,113,86,54,47,72,55,38,43,69,104,57,32,60,39,66,53,45,49,90,67,41,72,45,40,52,47,69,83,32,50,31,126,77,87,58,39,77,90,32,80,79,79,43,45,52,54,78,52,47,53,29,103,68,41,46,50,24,47,68,37,35,45,84,75,37,41,39,77,84,100,31,85,43,44,66,67,69,47,90,75,42,66,73,70,59,47,50,53,68,88,90,43,73,50,57,59,79,40,36,90,59,72,50,53,68,55,99,21,79,62,35,51,46,18,68,54,45,59,84,64,47,117,66,81,41,57,77
6,60,46,72,95,52,106,57,71,68,49,68,68,68,35,25,57,36,47,49,89,68,32,60,38,84,79,83,75,46,39,81,60,60,52,60,72,94,77,41,67,23,25,35,68,66,43,16,61,82,66,73,54,79,43,59,63,64,61,86,59,35,57,71,73,78,44,54,70,72,20,19,106,55,72,39,77,34,71,55,68,23,110,53,35,46,56,84,84,78,62,66,68,94,35,45,46,44,58,63,44,79,71,92,55,93,89,59,26,47,56,72,70,31,72,90,49,65,35,74,46,77,73,59,59,52,51,58,58,67,77,55,87,60,51,78,53,37,50,82,57,52,41,40,51,79,56,63,103,58,52,58,52,81,58,60,66,65,89,67,91,39,91,73,79,54,26,74,60,64,30,49,55,27,94,67,39,50,56,70,46,36,64,76,62,41,59,50,58,37,44,30,76,87,40,60,29,51,54,58,65,112,36,35,36,97,75,83,68,42,103,69,34,76,62,47,56,55,36,47,93,40,59,71,40,94,52,70,68,33,33,52,74,26,42,29,78,75,23,37,46,88,102,107,47,55,43,50,63,80,85,86,93,69,64,59,75,58,54,53,51,32,69,67,57,60,74,43,59,57,87,46,39,110,81,61,33,53,54,52,91,22,64,72,35,65,44,31,87,34,71,67,77,74,69,95,50,87,32,56,63
6,50,56,79,89,51,85,73,47,68,86,79,64,91,23,27,64,40,65,56,77,66,46,69,43,73,93,33,63,35,29,80,88,72,62,55,84,90,73,43,60,26,32,29,94,59,49,28,57,88,82,72,67,85,47,55,91,30,45,86,57,40,55,51,64,62,51,47,71,63,43,23,77,50,59,50,94,38,70,55,60,30,103,52,39,56,34,63,82,93,42,65,53,93,51,41,51,26,81,76,41,73,66,110,30,98,108,54,24,53,44,50,97,53,49,94,48,69,37,57,33,61,53,62,80,57,56,55,52,68,62,46,54,94,86,58,39,56,63,49,61,40,49,31,33,78,68,48,83,66,68,55,49,71,61,41,71,71,75,75,116,31,72,65,96,31,9,89,80,79,26,72,41,42,100,110,58,42,66,60,31,45,72,76,67,36,54,58,48,55,45,31,68,104,51,54,39,24,46,63,52,58,31,51,41,103,80,74,66,58,94,77,23,63,66,64,32,40,50,69,72,59,42,69,36,137,60,35,57,51,36,37,62,27,48,44,73,66,33,44,48,76,99,81,35,75,44,57,58,68,62,47,79,74,67,59,75,58,76,50,59,57,86,92,66,47,67,35,61,57,70,31,53,131,73,59,36,60,65,56,91,30,96,49,23,56,47,24,76,49,66,68,63,69,57,100,50,96,43,50,57
6,66,70,50,99,52,99,57,64,54,37,64,71,70,18,25,26,65,69,42,84,58,22,71,47,74,81,75,75,39,34,74,71,55,58,57,84,93,92,48,52,27,48,51,57,68,36,33,58,69,60,87,66,76,48,40,76,50,64,82,71,47,65,60,60,69,54,48,68,43,25,23,77,38,58,45,75,25,85,41,73,30,108,81,54,48,42,54,98,84,59,61,51,90,40,29,58,14,64,80,36,83,51,75,45,86,96,61,29,48,39,64,97,49,67,100,53,58,47,73,34,62,61,43,82,52,52,65,58,65,88,36,62,65,71,72,62,41,65,75,82,41,60,37,31,64,63,65,91,90,43,63,49,94,74,68,53,58,71,68,110,40,76,57,81,47,24,60,58,61,38,51,48,39,91,109,54,51,56,76,36,41,57,96,63,42,57,58,52,64,65,50,63,68,56,71,51,59,47,68,62,96,26,49,58,109,74,84,55,51,79,105,31,89,48,54,32,64,60,43,92,47,39,58,31,110,79,58,68,45,34,54,62,44,46,39,76,75,36,39,57,80,131,91,31,59,32,60,46,75,63,76,89,50,56,66,65,82,52,61,53,40,88,77,81,49,66,37,60,50,89,22,61,101,73,54,36,53,59,49,87,28,58,50,44,60,44,21,84,35,65,74,71,71,65,107,47,99,29,42,60
6,59,49,57,85,45,90,50,62,62,65,61,60,63,36,33,57,56,64,33,91,52,52,49,42,89,76,64,66,38,26,74,62,62,47,58,74,72,84,47,58,27,36,29,90,59,49,41,69,71,72,64,71,109,55,57,75,48,64,98,56,33,62,59,76,63,31,45,91,57,24,28,90,34,50,39,91,42,54,45,64,23,130,56,69,51,39,54,49,51,52,53,66,97,32,40,68,32,54,63,33,92,72,83,60,102,104,53,29,48,49,35,75,37,68,86,58,80,40,40,18,75,64,43,74,64,50,66,62,64,76,38,66,69,72,62,57,48,45,59,65,55,66,36,39,79,60,66,103,57,40,77,33,63,59,57,71,64,75,65,73,31,86,62,113,52,22,51,72,71,20,56,53,36,100,91,54,36,63,76,36,48,58,112,54,43,70,68,62,64,55,51,58,78,40,71,59,45,54,69,49,80,38,60,41,93,90,72,61,58,83,87,28,81,41,63,49,67,40,40,56,53,43,71,38,102,69,57,65,50,28,42,75,30,44,41,59,61,35,38,59,72,116,92,32,52,36,49,61,86,65,66,70,88,81,53,59,85,58,66,48,41,72,67,70,63,78,25,79,41,81,24,41,107,66,54,52,54,75,61,88,40,65,59,32,51,57,27,76,56,79,60,96,88,56,99,53,71,32,70,53
6,64,59,81,94,57,72,54,68,64,71,66,66,83,28,37,62,34,62,37,94,70,29,47,59,69,66,63,72,32,42,70,67,42,51,53,74,66,77,50,61,36,54,35,72,60,40,36,62,108,70,56,54,71,39,56,93,51,66,76,73,27,66,49,71,69,56,47,84,49,35,21,89,43,67,33,95,29,72,62,69,22,104,57,57,70,40,58,87,76,47,60,63,93,22,37,48,35,77,78,55,88,59,83,51,81,94,36,24,37,44,49,72,44,59,88,69,65,38,77,47,53,49,57,56,56,65,57,79,73,62,35,62,66,60,74,66,40,58,70,55,45,55,41,25,70,64,73,89,63,47,71,51,71,61,62,60,80,65,88,95,21,80,66,71,35,22,50,65,63,34,65,53,36,108,114,81,52,58,67,41,58,54,90,50,29,50,51,45,49,59,54,84,73,44,59,39,41,52,63,61,58,29,48,51,121,66,81,40,54,84,96,36,49,56,59,60,53,55,45,54,61,50,69,42,106,57,43,54,38,28,70,52,27,47,40,89,74,32,42,63,76,102,96,19,58,37,55,58,78,77,76,73,83,65,66,81,75,65,36,55,43,84,61,88,39,79,33,62,62,74,40,42,85,51,36,33,45,64,40,72,23,64,45,43,61,50,14,67,46,71,79,96,68,54,110,58,78,28,38,49
6,60,46,77,82,62,79,70,69,63,46,81,66,71,26,42,44,43,83,52,97,76,25,80,44,72,82,58,86,65,38,79,81,52,67,60,87,65,74,58,62,35,34,45,82,75,33,39,65,87,75,79,43,91,46,64,85,36,80,96,75,37,53,56,69,82,49,44,74,66,31,37,71,59,66,59,73,36,97,61,75,32,136,60,56,65,28,75,62,102,55,68,63,79,44,39,88,33,57,54,54,96,60,93,34,89,85,61,30,56,44,47,97,47,77,103,63,88,39,52,45,62,60,71,71,67,61,72,61,59,80,41,57,66,66,86,82,42,53,58,80,49,60,28,32,72,74,65,78,66,50,76,56,75,66,65,75,77,97,108,93,28,73,72,95,39,12,79,53,51,28,68,56,40,91,93,56,46,67,96,34,54,72,86,57,47,53,61,51,60,73,43,78,89,51,61,36,49,51,57,61,98,37,58,44,105,75,79,67,52,69,97,28,64,74,42,46,55,34,37,88,53,42,58,40,106,61,56,48,46,43,46,83,55,34,43,86,74,37,35,58,80,89,108,19,66,57,56,71,82,75,78,89,57,79,55,84,52,79,42,50,48,78,94,78,41,78,61,67,65,59,43,34,76,71,51,62,77,72,51,84,50,89,56,46,65,39,18,81,73,73,96,71,58,58,101,63,75,34,46,54
6,57,55,46,88,65,70,57,57,79,56,64,67,71,31,25,37,35,70,46,79,64,26,43,45,69,79,80,82,59,32,90,78,41,43,80,68,96,72,59,41,28,62,41,62,50,25,42,59,89,61,72,67,65,53,58,59,34,69,88,56,44,59,54,63,71,44,64,73,58,37,21,81,42,65,54,84,35,61,49,75,25,110,48,51,71,69,47,73,73,48,68,75,83,30,36,66,28,68,66,51,95,71,83,66,100,83,54,29,39,32,51,78,53,59,73,42,57,42,54,45,77,50,43,67,59,43,90,58,83,90,38,69,76,63,69,49,48,54,65,56,31,63,35,38,91,60,77,87,61,37,52,49,77,58,65,51,78,68,86,88,33,83,72,97,55,26,65,53,72,24,61,53,31,93,80,56,46,52,71,29,46,71,86,50,39,70,60,54,44,55,35,98,98,50,78,33,49,76,54,75,83,38,40,45,105,90,78,54,44,70,93,28,91,72,63,44,56,57,63,69,39,47,59,28,116,73,56,46,49,45,54,65,30,58,30,75,75,30,51,57,87,101,103,49,54,42,49,99,86,78,70,80,67,81,40,76,63,79,44,41,45,101,87,67,49,67,49,55,60,85,25,27,96,61,37,33,51,55,44,80,26,60,53,40,68,66,27,77,69,54,65,86,79,75,134,52,86,38,41,63
6,55,50,70,85,60,110,83,42,50,50,60,61,60,28,44,40,44,69,48,89,83,33,72,44,80,79,73,80,42,30,73,70,48,54,64,58,69,76,38,77,26,25,32,63,64,72,58,65,101,81,75,85,77,57,78,67,22,69,63,57,43,81,56,71,59,32,41,84,59,29,26,62,56,75,32,102,34,58,47,53,30,120,81,59,57,30,66,78,71,55,52,79,75,36,26,66,52,54,71,47,108,56,98,53,93,99,46,32,43,47,60,95,37,75,65,40,72,54,58,52,61,69,51,62,47,82,97,68,70,86,22,74,54,56,72,55,46,65,75,80,46,52,45,38,87,89,51,104,51,61,51,56,87,58,62,84,79,58,71,100,26,87,77,98,55,9,41,59,67,24,67,59,45,106,82,26,55,59,67,35,59,67,99,52,41,54,52,43,43,60,56,91,80,32,81,69,43,50,65,68,76,35,54,52,96,71,88,44,55,61,96,32,69,52,74,57,60,38,54,59,58,32,63,40,121,55,54,59,40,32,55,80,44,46,31,62,79,38,38,57,86,124,126,19,76,40,38,50,59,74,51,82,61,82,42,66,50,56,63,41,42,96,62,82,59,70,43,60,59,74,39,64,100,71,36,34,60,76,62,102,36,84,50,31,76,65,24,82,56,72,70,80,71,67,101,44,94,47,36,59
6,46,43,72,90,61,94,38,58,55,48,64,46,66,30,33,61,44,60,44,104,58,27,55,59,75,97,69,73,38,30,82,70,50,72,50,85,93,76,50,49,29,40,45,55,51,34,33,59,68,85,65,53,70,46,46,72,45,70,82,72,39,69,46,84,63,39,61,90,57,35,34,88,48,48,37,75,35,69,61,59,28,140,76,45,51,30,45,74,74,47,86,50,104,46,44,52,29,58,63,50,90,46,88,41,108,77,59,29,76,50,36,75,37,63,72,61,67,51,64,37,46,65,42,67,61,49,58,59,64,65,54,65,74,63,59,56,62,57,69,68,44,53,25,45,76,60,88,81,74,50,73,39,76,62,52,82,80,75,68,113,30,84,67,92,43,23,69,65,76,42,59,33,51,99,84,55,35,53,79,38,47,61,100,52,41,54,49,64,41,77,29,83,68,34,56,54,28,58,41,57,81,41,38,44,127,95,85,69,48,58,98,36,98,50,60,58,68,49,46,65,38,41,50,50,117,57,42,57,46,30,55,67,19,32,49,96,53,28,28,57,96,96,111,23,48,31,41,62,79,62,71,70,66,62,73,78,54,60,56,60,35,92,83,66,54,92,40,72,59,68,47,41,81,57,49,44,38,64,65,76,26,73,68,41,46,59,16,78,60,58,59,76,62,49,108,40,99,28,47,69
6,73,56,85,83,57,95,54,55,64,60,70,61,48,24,32,77,30,65,41,87,59,37,64,45,71,64,65,74,40,48,77,64,53,67,73,78,81,66,53,52,30,41,43,70,62,38,30,78,99,78,61,55,72,59,47,96,35,68,123,68,46,67,45,60,87,41,38,57,66,42,36,57,49,84,42,92,37,58,63,56,41,134,60,46,50,56,63,73,70,63,84,62,98,36,34,52,42,68,68,50,61,64,99,40,103,74,40,26,52,46,53,97,38,52,77,57,79,48,63,35,67,48,37,66,42,53,85,65,81,76,64,65,89,56,61,64,38,73,65,79,46,61,31,46,86,81,72,73,42,56,56,53,75,68,64,60,55,63,98,98,36,95,55,135,33,16,63,71,78,28,55,32,35,106,89,33,38,66,68,51,43,77,82,36,49,70,59,42,51,68,39,78,83,40,80,58,54,60,60,60,90,34,50,43,100,77,72,58,47,98,100,35,72,72,65,61,40,59,43,82,58,48,58,34,86,73,38,68,35,34,45,62,32,34,41,71,64,22,29,42,61,110,95,40,60,35,56,66,92,77,78,69,74,70,57,89,63,69,54,53,47,100,78,77,55,67,47,55,40,82,36,47,105,60,39,29,47,66,57,82,24,67,61,36,56,62,15,89,62,52,51,82,43,66,102,43,103,33,46,76
6,61,44,69,85,40,99,68,43,64,77,64,66,87,32,33,82,34,56,30,90,65,55,37,44,57,78,55,107,43,45,69,61,78,36,57,81,77,68,48,44,27,32,23,68,52,50,33,65,85,80,68,55,85,45,52,87,37,69,98,52,30,63,65,65,70,47,37,68,56,33,23,79,43,76,38,94,21,60,61,74,48,98,68,56,59,55,65,67,78,42,86,65,80,34,17,86,26,51,65,47,79,70,94,46,83,68,64,20,42,34,54,97,46,53,81,45,82,50,71,32,79,57,54,57,66,48,84,80,57,76,32,52,90,54,60,63,58,70,60,57,41,43,51,33,77,78,61,86,54,56,71,54,87,60,57,72,74,65,81,113,35,81,75,86,41,20,58,70,72,40,60,46,33,88,104,60,46,61,77,43,32,66,115,50,43,54,58,69,56,56,33,66,84,55,68,50,55,55,71,62,86,30,46,48,102,84,83,47,43,78,71,39,86,66,73,27,66,64,51,79,40,38,32,40,110,75,58,44,28,40,53,102,30,36,35,74,61,36,28,53,70,103,89,32,62,40,41,76,73,68,66,69,90,54,72,65,65,81,62,45,40,88,64,83,51,77,38,69,46,67,38,57,93,53,40,46,56,50,50,74,30,67,64,35,57,59,21,67,61,59,95,97,69,59,107,64,74,32,53,61
6,52,54,59,76,53,88,52,43,50,55,52,48,85,30,30,46,33,53,62,93,56,33,46,49,109,70,50,78,32,35,79,80,62,48,50,66,71,71,47,62,22,31,27,69,60,38,30,52,67,64,68,44,92,49,44,66,57,80,96,71,35,54,65,71,85,38,58,73,49,37,40,68,62,62,49,76,36,92,57,39,40,117,62,65,74,44,57,98,82,41,55,68,81,27,24,44,23,54,64,50,102,62,94,38,83,81,58,27,46,43,45,87,40,51,94,54,69,59,69,58,79,58,41,42,46,56,66,72,89,77,48,53,74,66,78,65,70,64,77,70,61,74,36,40,82,69,72,90,56,55,70,48,70,67,62,74,86,58,85,80,29,83,59,92,35,21,60,60,47,32,51,43,41,90,83,47,59,58,63,40,35,43,93,58,50,48,54,57,36,63,54,92,75,30,71,51,42,43,62,61,67,34,35,36,105,73,86,66,38,77,106,40,71,64,63,38,48,39,46,57,58,34,61,33,101,59,54,58,30,35,42,66,34,41,32,66,54,34,30,56,61,108,89,46,52,37,79,50,87,80,72,62,66,50,64,80,44,55,46,56,49,104,64,69,41,81,40,81,39,81,59,35,80,77,50,42,46,64,70,91,34,58,66,58,58,48,25,75,49,66,65,62,67,44,94,55,88,38,51,60
6,59,73,54,84,58,83,61,59,54,52,57,74,71,33,28,51,41,64,59,92,76,29,54,40,88,62,72,77,39,28,67,72,70,53,68,87,74,86,47,45,27,72,39,85,74,39,33,64,57,76,68,67,97,40,50,63,36,86,83,63,21,75,60,80,79,31,39,90,67,24,52,61,39,50,44,75,34,65,41,70,38,121,70,43,49,48,55,77,98,51,51,65,76,30,34,66,38,63,69,69,93,54,67,38,128,97,59,31,52,57,53,100,55,54,75,44,64,30,64,44,66,63,39,68,59,60,58,64,67,69,39,61,73,73,85,50,42,73,60,66,43,72,32,28,88,75,58,92,75,49,68,39,70,34,56,70,112,61,94,96,24,88,76,90,42,27,50,47,69,29,74,55,39,104,73,51,55,73,71,49,50,75,108,37,57,57,61,48,52,43,42,59,85,46,76,56,43,48,57,48,75,34,38,33,98,88,91,54,46,81,97,26,76,47,62,60,56,44,61,85,53,33,61,35,107,76,33,37,44,39,35,53,36,51,47,63,66,29,34,69,64,105,107,17,60,33,45,51,82,75,73,93,85,65,76,77,57,75,51,56,39,99,95,76,54,72,41,59,64,82,44,38,91,56,46,31,59,65,80,100,46,58,54,44,64,58,13,65,53,66,57,73,65,63,107,49,87,23,47,61
6,43,63,75,100,52,73,60,39,59,61,85,58,71,25,22,54,41,51,46,67,45,30,60,61,81,93,86,78,54,51,76,68,50,61,59,63,73,66,43,47,31,40,39,69,49,46,19,65,82,73,69,65,85,32,55,95,52,59,79,63,36,63,53,69,73,50,45,78,85,21,17,67,38,78,45,90,26,63,47,64,43,130,52,39,54,40,49,68,80,45,66,56,103,31,29,70,27,59,77,25,76,72,82,60,103,81,67,21,44,32,59,93,39,73,73,61,65,46,71,31,86,66,48,58,54,60,58,53,52,63,40,78,62,66,59,41,51,49,62,56,42,64,47,44,94,59,60,110,64,67,66,29,86,46,62,64,74,86,78,94,28,94,57,74,27,16,57,79,67,26,64,41,36,104,82,63,41,60,68,42,47,66,95,51,45,72,63,64,51,64,34,75,73,38,70,60,31,60,61,62,79,29,54,38,104,96,77,56,63,87,80,28,69,49,63,38,45,66,53,69,65,34,66,35,85,64,51,60,40,23,57,68,29,38,39,55,76,29,36,66,72,111,103,27,68,34,59,49,69,56,62,78,87,63,64,80,56,61,48,40,43,80,70,92,58,58,38,73,50,57,31,25,95,79,52,40,47,68,64,79,46,65,65,21,82,58,15,104,69,61,64,76,72,49,107,51,87,37,72,72
6,55,51,56,64,59,84,59,52,57,60,70,56,79,28,21,49,56,65,50,81,78,33,66,33,88,77,77,89,51,28,80,70,42,54,72,70,93,83,56,55,28,32,28,68,61,42,27,64,75,75,62,45,99,41,42,75,42,62,74,58,38,49,80,68,62,40,38,63,55,27,20,66,43,61,55,66,31,81,54,67,47,125,63,41,81,34,53,100,75,46,72,54,87,48,51,42,33,67,70,46,87,61,87,37,99,76,44,22,41,57,49,69,55,80,66,62,71,41,66,23,73,70,34,63,75,51,68,76,52,79,35,56,62,50,58,78,43,75,64,78,35,62,43,45,76,53,53,69,60,65,37,48,55,63,57,64,87,71,95,117,28,103,64,91,53,18,76,64,69,34,75,34,40,93,89,53,56,61,61,57,60,55,90,47,49,60,61,62,39,49,32,89,88,40,74,45,35,59,49,62,79,30,40,63,103,98,80,64,44,96,98,25,98,75,56,66,53,59,43,77,54,44,49,27,95,68,31,64,68,27,47,67,23,41,26,65,68,45,44,44,78,124,92,31,69,40,30,46,81,73,64,85,61,75,51,97,52,62,62,56,54,87,75,55,53,71,43,54,46,73,29,51,95,55,51,43,60,58,52,86,36,80,47,36,61,50,24,71,49,45,72,84,64,58,133,56,85,39,61,52
6,59,65,91,71,46,65,59,63,44,65,56,78,73,29,38,45,39,61,61,84,72,35,60,47,62,67,70,68,44,25,71,64,49,58,35,81,94,73,50,59,22,52,29,90,77,51,18,62,82,66,100,58,71,39,55,87,48,60,88,72,26,52,55,54,77,52,41,67,54,39,30,74,42,58,39,85,41,65,58,56,38,115,64,46,53,50,65,73,70,40,47,69,106,36,33,73,29,76,61,27,96,56,90,30,100,106,55,27,49,42,45,84,37,64,67,59,80,39,54,38,61,60,41,54,64,53,64,73,88,92,42,51,78,64,90,60,50,62,58,61,53,42,47,25,64,74,67,106,54,72,60,36,90,64,52,80,84,92,95,118,29,87,61,93,39,14,105,71,46,25,63,28,26,105,87,61,44,60,57,58,53,62,85,55,38,50,52,49,56,48,45,85,76,60,69,45,21,54,45,63,78,24,48,40,103,86,56,55,60,71,97,26,92,48,60,56,44,56,64,86,60,50,48,46,108,56,46,53,53,29,59,81,30,56,39,64,78,22,30,61,87,130,100,40,58,40,52,59,89,65,82,71,76,56,58,70,61,58,57,50,48,89,82,62,50,79,42,56,45,85,50,41,98,51,47,38,63,59,57,74,26,82,55,35,59,65,28,63,61,49,68,102,61,56,104,36,102,37,64,63
6,67,39,85,102,74,86,71,57,78,47,73,60,71,43,36,52,64,81,72,111,68,34,58,53,84,111,65,84,45,43,81,82,69,56,48,71,89,88,46,44,33,46,42,70,58,55,43,62,77,73,84,63,91,48,39,93,52,66,72,54,41,69,48,82,55,49,70,75,64,34,31,61,44,64,51,99,54,65,43,59,35,129,58,51,56,47,57,91,74,66,58,76,123,50,41,63,40,72,73,50,100,73,95,48,81,85,62,41,47,61,49,85,50,67,79,60,73,41,63,53,48,74,55,69,60,64,71,75,85,83,49,74,75,67,78,65,52,63,73,75,20,67,49,38,114,60,72,110,65,58,48,36,76,71,72,76,91,63,60,115,37,71,80,105,67,24,55,68,52,38,77,63,61,105,83,47,34,59,56,48,57,79,109,45,65,51,63,54,63,54,32,68,81,60,74,60,65,47,59,52,103,36,64,51,94,96,105,77,74,90,102,29,97,71,81,48,50,37,60,105,48,45,61,47,121,70,45,74,58,27,43,75,37,56,30,83,67,28,30,58,81,78,93,43,54,46,68,47,83,94,77,69,95,61,65,92,58,80,66,43,49,91,86,63,53,82,40,62,60,83,37,51,87,95,53,43,52,75,57,88,34,68,77,51,75,57,27,69,71,53,89,93,108,73,118,60,79,33,51,44
6,54,39,51,81,38,69,55,60,55,56,90,69,75,26,25,48,38,78,45,87,64,31,68,44,87,79,62,69,35,30,82,73,50,63,59,68,84,91,46,69,26,54,35,86,56,44,26,77,72,104,82,48,112,52,65,89,45,62,83,53,46,49,55,65,64,42,51,98,65,32,38,80,57,67,39,70,30,78,50,60,33,111,63,54,64,37,51,98,82,55,60,56,95,41,38,49,35,53,63,43,85,71,72,51,85,82,57,38,49,59,62,74,50,64,85,65,100,39,55,39,77,44,40,50,54,51,69,56,71,78,28,75,85,65,90,74,59,68,53,71,57,57,23,34,78,66,70,70,62,56,64,41,85,60,64,66,82,66,74,125,26,78,65,106,35,29,54,67,70,41,57,39,42,103,95,52,33,66,61,46,59,51,80,52,40,49,72,65,72,64,30,80,86,43,64,42,54,49,50,55,76,33,38,40,105,96,67,75,49,78,105,46,87,76,65,48,48,65,61,67,46,46,53,34,109,57,38,39,46,26,62,68,34,59,36,57,70,29,41,60,85,100,128,32,56,65,49,57,74,68,55,81,85,79,72,57,70,73,57,54,48,88,67,69,43,75,40,77,34,82,33,41,77,65,50,40,59,51,57,98,33,55,58,43,77,53,25,76,68,64,54,80,66,60,96,45,100,36,59,71
6,73,67,86,74,66,101,65,52,48,46,60,70,80,35,28,45,33,60,46,89,62,35,57,32,76,79,71,63,44,51,74,84,62,54,53,95,54,66,53,51,17,38,38,67,67,42,34,59,82,73,68,67,72,48,53,70,49,82,85,67,34,59,53,75,58,57,38,72,50,39,21,83,45,79,44,73,22,65,50,71,30,115,62,47,73,38,74,107,74,39,73,82,94,37,28,56,28,60,65,45,85,82,87,59,97,91,62,35,29,33,53,76,33,69,82,64,52,40,75,37,60,64,59,79,42,86,65,73,53,64,31,58,78,60,64,64,36,65,74,73,51,60,54,35,74,70,42,102,72,59,43,41,80,50,73,74,67,77,79,112,26,71,55,115,46,20,59,67,54,37,57,51,39,87,77,57,45,56,53,56,49,61,78,35,55,58,58,57,52,46,44,86,91,49,53,49,45,57,72,47,109,33,43,48,95,91,107,75,37,84,92,38,69,75,53,48,45,46,58,86,54,39,60,49,115,59,50,47,44,36,53,78,29,45,40,58,61,26,32,66,70,96,97,35,60,26,46,45,64,85,70,59,56,69,45,75,54,56,54,58,40,77,87,80,57,60,33,57,42,72,35,41,100,59,49,35,50,61,59,108,34,69,56,28,55,56,27,65,61,79,55,79,63,47,77,46,71,29,65,38
6,60,43,72,110,44,63,55,67,55,29,69,66,58,36,34,52,49,66,47,103,70,38,63,40,82,57,50,71,42,45,72,64,59,54,70,93,70,77,30,74,14,36,32,85,38,48,24,64,88,66,67,60,97,46,45,89,44,83,83,66,33,48,61,58,75,33,51,82,59,34,26,93,45,67,50,80,32,65,41,55,33,111,64,56,65,26,52,76,99,41,46,35,86,49,35,55,23,43,61,52,90,49,93,53,100,83,49,33,43,41,61,83,38,57,72,46,61,42,61,32,63,76,48,55,49,42,64,69,76,88,43,87,75,86,78,48,44,56,77,53,42,58,33,42,93,50,60,83,58,76,53,46,77,52,46,73,70,48,97,95,30,87,83,90,42,14,62,51,61,38,68,58,45,101,102,50,25,70,40,34,59,53,72,46,48,52,43,36,51,56,50,74,89,38,65,39,32,66,66,70,99,23,40,59,114,104,59,71,40,104,99,33,93,59,55,65,53,42,40,67,43,41,54,51,93,64,50,38,54,33,39,64,27,42,56,70,74,40,31,47,77,93,89,35,76,45,46,52,70,69,65,81,59,59,53,55,55,57,47,48,50,82,90,80,67,82,39,49,43,83,37,51,112,67,45,31,56,48,74,93,30,56,73,35,72,62,20,83,51,61,61,76,68,72,85,53,82,28,44,64
6,62,54,71,104,37,68,66,46,46,73,80,56,79,23,28,32,33,51,45,109,76,28,86,39,70,51,71,82,47,31,81,66,52,55,51,83,78,69,48,44,21,67,32,81,58,44,36,55,68,66,67,54,90,61,49,92,61,96,86,56,23,52,64,52,73,43,47,96,63,24,28,70,40,66,46,96,17,84,59,79,37,140,59,51,77,36,61,69,69,55,79,63,69,32,37,37,29,59,71,47,94,54,106,53,86,102,61,32,51,34,44,85,31,58,77,64,76,47,48,37,52,52,34,61,43,61,82,71,50,67,50,65,88,58,71,57,64,60,75,60,43,57,38,36,81,62,72,106,68,38,69,55,78,49,50,78,84,76,62,77,21,92,86,81,49,23,33,67,67,32,56,57,35,99,92,54,48,54,63,40,79,50,74,49,52,42,63,50,48,51,50,62,68,24,66,42,37,56,68,54,109,45,40,52,103,101,85,51,50,80,82,46,71,60,69,42,51,41,37,70,52,64,70,25,113,54,67,60,53,29,59,72,36,54,36,77,60,17,50,68,73,110,104,32,81,49,34,36,81,81,78,68,75,69,65,58,69,46,59,59,38,101,60,83,68,60,37,56,43,85,42,29,92,61,54,45,46,74,62,77,43,61,64,31,64,60,15,60,49,67,62,83,54,49,114,55,75,33,63,51
6,49,56,66,87,42,100,54,67,52,66,69,68,72,22,30,61,38,66,37,85,52,35,76,40,68,91,51,64,43,32,51,71,59,58,58,94,86,75,37,60,38,43,33,69,46,40,29,57,80,63,58,54,107,52,61,90,22,74,97,64,32,81,46,56,76,52,63,66,52,39,27,71,55,74,30,102,38,106,37,58,42,127,74,41,53,47,67,91,74,55,62,56,83,43,35,65,33,53,71,36,76,63,90,27,98,68,48,24,39,50,50,79,37,59,74,55,67,36,62,28,60,59,42,64,57,59,77,94,46,78,40,81,91,76,78,46,52,54,75,74,37,56,38,31,74,71,67,87,63,65,52,55,58,51,58,90,82,53,92,104,35,96,72,106,42,16,58,83,45,29,76,44,51,96,82,60,36,63,64,45,37,63,81,50,37,53,68,54,49,65,41,91,81,50,76,51,38,51,51,71,85,28,53,34,102,85,86,74,68,75,78,21,86,72,61,42,41,66,57,68,53,58,51,33,103,56,58,65,39,26,54,84,23,43,42,64,67,33,43,30,69,77,132,30,54,44,49,41,74,60,53,77,69,44,46,72,60,72,54,53,49,103,80,77,55,65,51,84,65,69,38,32,81,68,53,49,48,67,61,70,33,60,66,50,49,59,26,60,46,73,66,66,43,37,81,44,80,23,50,62
6,72,42,76,80,38,81,59,51,48,57,87,50,82,44,27,46,42,63,35,80,52,33,60,36,68,72,48,69,51,30,70,63,52,68,59,66,91,92,35,39,26,49,44,72,89,52,32,60,83,74,67,46,88,43,53,93,35,92,93,53,23,45,44,93,72,40,51,74,80,31,27,56,26,64,40,82,28,58,61,61,47,97,76,46,54,50,53,91,85,50,72,83,91,38,29,62,41,54,73,50,82,52,94,53,97,86,54,25,38,46,52,92,36,58,76,54,76,35,84,34,64,48,45,49,38,59,79,81,69,81,70,58,60,54,55,62,43,62,53,64,51,42,33,44,90,61,57,83,58,47,67,42,80,67,53,56,71,87,66,103,26,82,69,91,55,11,63,51,69,30,48,45,38,91,96,74,46,59,80,42,43,75,102,59,51,64,78,44,64,58,36,73,80,43,62,60,38,49,68,70,71,40,50,49,123,85,104,73,57,72,97,29,60,61,71,54,60,55,46,75,51,42,56,38,107,49,49,44,61,21,60,91,23,36,46,68,74,33,39,58,65,107,105,17,61,40,38,61,77,65,53,78,79,52,72,68,65,63,67,63,47,94,86,63,56,71,28,55,72,86,36,46,80,66,49,48,70,68,55,92,42,79,82,30,57,45,13,68,66,57,77,88,51,63,111,69,83,48,57,52
6,61,62,70,80,41,75,59,47,61,62,55,67,97,27,29,44,34,68,34,93,78,39,69,40,71,85,77,73,43,22,77,72,41,47,55,68,110,90,46,53,34,44,38,97,52,56,30,51,77,87,70,65,91,55,49,80,38,59,94,51,35,71,61,65,83,46,54,67,51,40,29,52,37,62,51,84,33,90,57,69,36,104,63,45,70,45,71,73,82,56,64,57,66,35,24,47,42,49,66,44,76,67,111,41,104,90,69,45,29,54,59,60,61,60,101,45,85,48,60,45,46,88,38,57,58,69,82,70,63,72,45,63,75,61,78,64,40,55,63,73,41,64,57,25,70,63,44,83,61,54,75,52,97,54,52,71,78,61,69,125,33,84,75,82,49,15,57,62,62,46,48,31,41,102,89,75,42,56,55,38,46,62,114,29,42,46,55,60,68,53,27,79,101,44,62,36,43,35,57,58,79,25,56,38,100,80,91,77,36,78,74,33,78,55,63,42,52,68,54,65,44,36,53,41,85,58,59,59,42,24,53,71,29,43,35,78,63,33,38,65,62,128,98,31,63,33,32,65,81,65,83,74,74,49,50,78,66,65,69,36,41,118,81,56,43,64,31,49,54,74,36,42,81,65,54,31,41,62,52,76,44,55,62,33,58,67,20,81,54,45,81,67,73,59,75,53,86,39,50,62
6,47,53,72,79,37,77,58,42,65,66,51,64,55,24,36,53,46,93,39,93,94,30,57,42,91,79,69,75,46,29,66,61,50,58,62,84,76,70,46,49,25,50,34,81,63,50,40,56,64,67,70,52,75,55,40,55,26,69,82,48,39,56,77,76,93,33,44,88,58,36,26,80,59,79,49,91,29,76,55,66,35,125,79,42,47,35,49,107,71,61,60,45,89,54,36,48,45,60,57,46,80,70,95,30,93,100,56,20,47,61,59,91,35,68,67,56,85,48,56,41,51,67,68,72,57,55,77,62,51,77,38,62,52,60,95,63,54,71,77,65,43,56,50,39,97,57,71,90,57,50,61,37,94,67,42,71,68,67,90,114,36,79,72,101,56,12,70,70,59,32,61,42,40,105,79,35,35,56,76,38,67,72,94,59,46,71,57,53,51,57,23,80,102,52,73,73,24,49,52,74,69,26,42,44,101,74,94,70,46,99,100,42,93,58,75,52,59,55,62,59,35,34,61,26,120,62,44,41,47,38,58,65,26,37,44,99,80,45,36,64,73,122,95,32,71,39,42,40,82,60,76,72,54,62,64,72,67,71,51,45,50,93,71,79,61,74,36,79,51,93,35,41,87,65,36,50,56,59,65,75,26,72,58,49,82,72,28,69,74,42,67,67,70,54,85,54,96,22,51,65
6,58,65,66,89,43,84,45,52,71,63,57,74,68,32,31,47,34,72,38,82,60,31,51,43,66,72,77,67,63,39,85,69,51,45,63,86,71,58,38,50,33,48,30,70,44,46,29,66,72,76,90,66,105,29,59,92,49,82,71,68,36,55,72,48,79,53,57,61,55,29,20,94,27,57,45,82,34,59,55,45,42,117,57,57,63,40,41,78,91,36,74,72,122,37,30,56,34,48,67,23,102,54,92,50,103,98,43,24,56,40,53,83,40,70,60,54,77,42,60,45,75,50,59,64,66,63,87,64,72,94,42,69,81,65,95,65,42,61,73,79,41,56,33,39,90,52,64,80,45,40,61,50,76,49,53,75,79,71,93,102,28,89,77,105,39,29,62,62,70,24,54,50,33,98,96,54,37,56,77,48,57,85,100,47,37,58,46,59,58,41,42,66,83,32,53,62,40,43,47,59,105,26,42,24,116,86,91,61,59,85,87,31,76,64,63,48,44,58,38,74,42,57,64,32,93,65,35,66,50,33,40,79,31,31,35,62,53,29,43,58,82,110,96,35,59,31,49,48,82,84,73,62,71,61,73,93,61,58,55,51,48,94,67,51,61,67,39,54,40,70,31,55,105,65,55,27,64,60,61,78,41,75,53,43,57,63,25,71,48,67,72,83,63,69,116,43,81,27,49,50
6,55,44,64,75,61,74,82,56,62,47,71,60,77,19,27,45,31,54,45,93,72,43,76,54,64,96,56,69,47,35,60,84,52,55,49,71,89,65,38,44,27,54,33,77,68,27,34,57,92,74,49,57,82,54,76,82,37,74,90,50,41,74,54,73,73,37,41,75,71,29,28,60,45,87,31,66,33,84,41,67,34,125,65,48,45,37,59,99,82,51,68,45,89,23,35,61,38,59,73,46,77,64,76,41,95,95,59,30,51,34,56,74,42,62,67,50,83,42,49,34,59,63,59,54,35,48,63,56,69,81,58,71,77,73,69,69,57,61,71,71,31,44,30,38,66,69,64,105,59,64,62,53,54,56,59,100,75,55,85,110,29,80,72,70,30,26,63,50,70,37,56,35,39,98,74,69,50,59,54,44,46,85,100,45,27,44,49,55,78,53,38,88,72,37,56,48,32,38,71,82,74,29,33,33,109,83,76,69,37,75,97,31,69,60,42,44,49,53,51,91,39,44,61,37,111,68,66,52,45,42,76,81,25,46,35,88,56,33,38,59,60,96,102,16,42,57,54,46,79,64,99,71,83,76,60,66,71,69,57,54,31,81,57,52,35,74,32,60,43,77,25,50,89,82,47,38,65,51,62,79,33,75,60,45,48,69,38,92,55,71,49,78,87,56,117,46,107,27,41,82
6,74,48,74,75,44,94,54,49,52,45,70,75,86,30,32,47,46,73,51,66,55,30,49,48,72,75,62,86,38,48,61,55,54,77,44,101,87,92,49,40,36,54,36,68,52,37,32,84,83,72,77,51,83,37,55,75,49,48,80,53,48,68,54,64,75,39,41,72,54,42,23,85,59,67,37,81,37,80,63,72,35,118,67,44,41,49,59,82,70,42,50,54,92,27,31,47,24,55,88,46,78,80,107,44,97,83,64,32,34,55,45,73,50,57,102,31,68,43,58,33,45,50,45,69,53,70,71,75,79,76,35,72,79,64,63,45,51,48,65,63,32,67,39,40,73,52,56,99,45,61,60,44,79,55,60,64,86,64,78,100,42,75,73,103,48,16,70,63,41,23,54,62,39,98,86,68,42,57,61,29,55,82,75,54,36,66,51,49,54,58,48,79,69,43,76,43,35,54,47,58,81,34,47,40,94,87,78,59,70,67,89,30,71,73,51,62,50,40,37,75,52,47,68,42,110,64,61,60,39,38,56,72,41,47,40,56,55,34,43,67,68,102,94,23,84,28,29,47,75,78,49,66,50,64,56,56,71,80,66,57,37,98,57,85,31,68,28,63,56,87,46,56,80,58,34,38,50,72,56,101,32,62,65,30,52,46,19,78,62,76,73,99,59,59,84,29,105,31,55,54
6,52,41,67,72,47,86,69,37,54,52,44,49,89,23,37,68,50,42,54,86,83,24,74,53,79,80,61,70,35,42,83,98,37,46,43,63,93,76,49,45,22,39,24,71,71,43,25,62,93,96,72,63,87,57,66,88,37,68,95,66,30,61,61,71,67,75,35,62,46,33,37,73,40,63,38,84,39,69,61,68,34,109,50,38,70,45,46,87,85,39,48,73,67,35,32,52,39,53,77,47,88,69,96,40,94,76,61,30,60,37,39,80,46,60,101,35,65,41,47,38,51,44,41,69,64,55,107,75,65,81,33,69,74,56,59,49,44,59,63,58,53,56,33,30,83,46,71,90,73,41,51,48,67,60,50,74,58,70,66,95,40,96,79,98,54,13,54,45,68,34,68,38,28,112,82,54,41,76,58,40,46,70,96,46,47,43,56,75,59,68,48,74,72,56,54,43,55,55,65,58,72,30,38,40,98,72,75,45,67,94,103,36,87,62,58,51,44,53,66,79,53,37,46,31,132,62,27,77,42,41,63,80,40,52,34,67,49,35,52,61,75,99,113,20,71,59,47,37,99,72,70,46,57,54,68,81,67,68,57,44,32,119,98,57,59,63,43,65,43,85,25,51,93,67,41,46,69,55,51,93,16,63,60,33,71,48,10,81,52,76,79,91,68,63,90,41,85,39,47,49
6,53,44,57,67,68,69,65,49,64,62,81,64,79,24,23,50,41,66,44,109,76,43,60,38,78,73,62,73,47,37,64,64,58,74,74,84,80,68,51,50,23,33,42,41,64,40,28,71,97,70,61,57,74,46,50,78,26,71,99,62,37,80,62,72,82,44,38,63,71,28,30,92,49,77,41,86,38,60,68,70,30,116,69,49,49,28,63,78,64,53,62,63,101,28,46,65,18,51,83,49,73,50,99,41,101,94,64,23,46,52,41,82,44,58,75,55,61,48,61,34,53,57,49,71,37,54,86,79,54,91,37,76,96,72,54,49,40,62,75,66,41,66,41,40,70,63,65,101,61,48,73,46,107,60,55,83,79,55,76,99,31,85,85,87,36,27,72,46,70,40,63,51,33,114,88,72,39,70,62,42,67,57,80,56,37,51,62,57,66,68,34,62,86,40,72,58,39,53,72,59,76,36,35,46,104,80,94,64,74,84,107,26,69,63,54,58,63,61,43,85,46,29,63,45,87,71,44,68,40,22,51,78,37,52,35,73,80,29,44,59,73,89,97,23,67,35,57,60,75,86,67,85,58,71,52,71,63,47,58,71,49,103,78,75,48,80,39,76,47,73,46,40,95,54,49,49,37,55,38,84,37,83,58,28,83,68,18,79,53,61,80,83,57,54,109,71,95,35,32,62
6,57,44,84,89,65,59,74,58,49,60,59,66,72,18,28,49,51,61,46,97,51,30,70,41,63,89,67,63,27,26,70,56,56,53,56,77,89,67,33,56,22,58,38,66,74,41,51,52,77,81,75,59,73,57,61,98,48,75,76,61,41,71,68,82,78,33,47,81,61,41,21,70,65,66,51,93,23,69,51,83,35,93,76,43,42,48,57,81,80,57,66,76,67,39,26,65,30,76,81,35,56,71,79,45,94,86,55,27,38,58,34,74,51,83,60,54,74,24,72,50,71,56,51,66,52,48,78,79,43,89,43,89,85,46,77,58,59,55,85,59,33,43,32,33,106,64,56,93,73,65,77,52,68,62,83,102,86,82,63,112,33,83,82,90,38,14,69,60,69,36,72,31,35,109,87,52,48,68,76,51,52,69,110,54,52,53,52,51,47,57,48,79,76,33,74,35,47,65,61,55,84,31,53,61,102,84,82,74,50,67,96,48,88,55,57,49,50,50,41,65,44,36,49,40,95,65,34,44,44,35,65,68,55,51,33,79,60,37,31,59,74,101,90,34,59,28,59,57,66,63,78,83,78,52,65,58,58,66,61,41,35,105,68,82,50,74,42,59,67,78,34,49,109,60,49,38,64,67,39,62,31,72,82,33,64,64,18,87,52,87,78,77,63,60,79,45,73,47,56,68
6,64,39,72,69,42,94,30,37,48,41,43,70,87,31,45,50,38,51,23,107,68,40,46,48,61,72,59,69,43,32,94,73,46,64,48,70,99,77,51,46,41,53,30,73,59,44,24,52,76,73,70,49,67,45,54,99,32,63,79,55,32,53,56,75,55,36,68,82,46,44,29,54,55,73,47,64,33,56,55,72,38,115,66,59,57,34,67,91,66,32,59,38,84,34,26,63,27,74,41,40,89,79,111,37,108,96,65,24,47,47,48,82,42,56,78,47,60,38,63,28,72,67,56,78,45,72,85,66,56,91,37,74,91,59,65,61,46,66,63,68,53,56,19,30,81,85,57,69,74,60,70,45,88,67,56,66,66,69,62,126,20,103,64,108,36,24,76,87,73,34,66,37,30,108,77,52,49,68,72,44,35,64,104,50,35,46,41,40,72,65,42,77,83,40,55,55,37,46,54,57,84,26,31,33,95,89,92,78,36,58,91,42,88,59,59,48,37,49,40,74,50,42,62,37,130,68,42,70,28,40,55,67,44,51,44,73,64,21,46,46,90,116,98,27,53,39,53,56,67,76,67,89,49,82,63,68,68,49,61,60,32,83,78,73,33,62,38,69,50,88,30,53,90,66,39,49,63,56,53,84,33,75,61,36,63,58,22,60,47,74,83,78,62,41,98,49,86,27,53,50
6,68,56,76,86,35,74,58,52,57,44,65,73,78,22,41,59,46,79,45,88,47,40,50,53,62,85,83,72,43,64,54,60,46,43,62,58,66,88,39,57,21,51,52,59,75,61,25,66,90,63,66,49,79,44,71,76,42,87,78,54,39,64,63,73,82,71,65,74,67,26,36,72,52,62,34,88,24,71,61,46,34,152,96,48,53,29,56,83,69,46,68,53,82,35,28,48,23,50,90,42,79,78,99,61,97,91,52,12,48,41,60,79,41,63,71,57,60,52,47,48,73,74,58,65,34,53,94,60,72,72,47,75,69,73,75,49,39,76,53,75,33,40,58,45,60,52,57,107,66,67,59,61,75,56,70,67,75,70,75,96,33,76,49,84,57,27,73,57,67,19,54,62,24,94,104,64,41,51,56,47,39,63,73,37,35,62,50,44,48,46,43,84,82,56,69,49,37,52,73,58,88,41,39,45,88,79,89,53,50,77,102,23,87,51,56,43,48,47,44,87,31,47,67,55,116,56,45,68,25,37,37,70,34,41,61,65,73,26,39,46,102,81,90,26,75,49,49,56,75,65,64,90,53,84,55,57,51,58,59,42,52,96,84,75,50,58,45,70,37,72,30,58,83,70,40,31,39,58,42,92,30,59,78,59,65,62,14,86,58,56,80,122,63,67,93,42,89,37,71,65
6,58,46,76,82,47,55,60,46,62,37,63,82,72,39,25,49,48,57,41,96,51,35,67,43,69,84,63,75,61,37,79,65,60,67,54,83,68,87,34,54,28,40,30,68,53,38,28,51,70,85,75,69,92,33,49,84,43,81,94,55,17,81,72,79,62,36,40,86,51,33,31,76,46,61,46,75,39,71,38,60,41,117,65,47,68,32,48,87,84,57,73,50,74,46,22,54,36,64,57,32,83,54,89,54,113,63,67,43,52,49,53,76,53,83,85,54,98,45,50,34,78,64,34,65,52,55,59,85,54,85,43,66,91,64,69,64,67,45,80,68,45,73,25,29,87,60,82,72,62,57,68,40,81,80,55,86,76,69,87,96,18,85,60,97,39,22,63,77,65,32,81,45,44,103,105,50,47,72,84,25,51,64,85,33,43,60,64,63,45,62,30,69,69,61,83,47,31,42,62,74,82,35,52,41,117,80,72,53,42,79,95,33,109,67,53,30,50,43,50,82,38,49,43,33,113,71,53,56,59,33,49,68,42,49,34,64,70,23,50,41,62,111,109,23,47,52,61,57,75,65,89,75,50,53,60,68,65,66,50,36,44,93,62,59,40,85,43,69,70,53,53,51,108,91,39,47,63,46,74,70,47,68,67,46,66,70,15,62,68,45,73,69,68,63,114,51,84,27,44,57
