7,66,56,102,112,60,108,74,84,58,110,104,104,78,32,46,44,64,68,64,132,98,44,76,80,138,110,82,142,44,54,82,132,90,118,36,110,92,104,86,58,74,56,34,110,118,64,34,78,92,90,90,70,122,64,72,92,32,66,110,50,42,40,106,90,106,46,52,102,120,46,48,76,70,78,50,90,20,122,68,82,54,216,70,56,134,44,78,154,116,62,74,94,118,34,52,68,54,88,122,74,116,124,108,58,162,100,52,44,78,82,82,126,74,80,110,90,90,62,80,88,136,82,70,90,100,38,130,62,114,106,56,84,106,64,116,90,58,74,104,96,40,70,66,60,90,88,96,108,70,66,46,42,90,86,36,86,116,130,98,134,58,130,64,136,56,22,62,96,132,50,72,64,36,122,106,62,108,70,90,72,42,114,150,84,30,72,92,52,60,76,80,96,116,70,58,62,28,46,84,64,112,46,60,66,154,100,94,82,40,84,112,54,100,84,82,88,56,120,50,80,54,60,64,46,158,132,66,102,18,26,98,130,84,76,66,92,108,78,56,54,114,112,158,38,92,28,74,102,122,84,78,98,122,138,96,74,104,108,82,142,80,100,102,68,124,62,64,86,76,80,78,54,100,102,50,80,56,86,96,130,48,72,76,30,76,56,38,78,38,86,118,100,106,76,130,96,158,62,72,78
7,114,64,72,140,94,116,84,40,112,72,70,116,60,70,30,66,80,116,94,122,102,40,50,78,118,94,106,128,74,34,122,100,130,54,54,128,78,114,36,52,24,84,52,100,120,60,34,92,120,150,100,64,168,104,80,142,70,76,96,82,52,100,98,88,114,48,70,92,60,48,44,108,94,62,26,94,50,76,96,50,34,176,62,64,100,40,94,94,142,64,90,106,98,86,52,76,78,74,118,78,114,102,126,72,154,106,74,70,68,74,46,156,64,48,100,78,126,70,92,64,124,86,86,94,90,70,86,108,60,174,26,68,72,102,144,94,80,90,134,62,64,62,60,84,112,82,82,110,68,140,60,84,148,74,86,78,106,140,114,148,46,124,134,148,38,44,108,90,96,42,88,92,42,94,116,82,42,98,68,64,98,50,152,96,80,78,102,70,58,78,38,136,172,30,128,100,64,62,78,64,126,62,74,68,146,138,92,84,52,104,122,46,104,74,76,64,88,76,96,110,62,116,118,22,110,104,70,74,44,18,80,124,50,46,68,96,98,64,92,70,66,120,140,14,158,52,46,90,82,92,86,98,134,78,82,124,94,110,68,86,86,132,102,146,94,138,78,116,80,124,34,64,124,128,72,64,70,106,82,142,48,94,68,56,72,74,38,90,28,144,72,88,112,94,146,52,154,76,58,78
7,54,68,76,130,54,88,76,86,66,64,82,86,78,46,40,50,58,130,38,100,128,46,96,58,104,146,110,82,64,58,94,106,72,44,78,136,48,136,56,76,18,82,50,134,96,56,52,114,168,106,96,102,100,30,66,124,50,126,70,110,90,52,82,82,130,66,42,130,70,16,30,84,52,94,54,96,30,100,78,108,36,128,54,80,66,72,86,120,130,76,120,92,112,70,90,92,26,72,120,86,122,96,144,66,102,106,88,22,54,74,76,132,98,64,112,56,86,46,98,70,86,90,70,94,78,114,88,98,64,138,58,50,82,56,112,58,50,80,130,96,80,132,62,60,118,60,80,108,50,52,86,56,144,72,80,84,80,84,104,132,50,106,116,144,64,30,44,94,110,40,96,106,68,78,150,54,72,106,104,72,44,72,98,76,54,72,78,54,76,44,50,112,118,52,118,108,50,56,36,102,112,76,98,86,190,120,148,68,76,118,98,58,84,92,100,100,44,98,32,100,74,70,88,74,116,92,46,84,46,32,104,102,34,28,84,96,104,46,74,78,74,126,114,84,134,46,76,82,54,100,68,92,126,100,96,108,98,86,80,100,86,146,124,130,58,86,54,74,66,114,32,68,110,76,50,72,76,86,80,102,60,66,70,44,126,126,42,104,64,126,100,110,66,78,116,82,136,40,68,120
7,84,102,90,118,74,116,74,52,90,78,68,82,82,40,22,72,58,100,58,110,84,54,50,64,140,86,84,50,34,40,112,92,106,78,72,142,72,94,80,118,62,78,60,68,74,78,22,68,128,88,68,72,112,76,78,122,62,130,150,108,68,46,94,114,116,30,52,68,102,44,20,116,74,74,60,100,46,126,66,68,56,154,54,74,38,52,88,130,136,100,100,112,138,56,66,82,46,86,124,46,130,98,148,50,136,144,72,54,86,70,72,120,58,72,70,62,90,40,54,84,98,90,96,104,74,102,144,88,68,98,38,76,76,60,82,80,76,96,134,102,58,68,46,72,88,112,60,102,74,86,60,68,136,88,80,128,80,80,88,144,20,132,104,150,90,20,98,86,96,56,112,102,76,88,98,72,84,80,78,38,58,52,126,74,58,72,120,30,80,50,40,86,142,68,72,108,40,100,62,78,132,52,40,84,160,112,124,82,34,64,116,66,116,74,72,84,74,86,76,88,66,72,82,46,122,94,32,42,28,28,94,116,58,60,78,60,112,38,76,96,118,126,192,52,106,60,82,64,94,94,110,128,120,86,88,92,114,90,86,102,70,116,90,68,112,136,74,86,82,132,40,48,146,56,46,44,64,68,78,116,66,88,36,56,62,72,28,112,58,140,124,136,88,70,82,78,180,64,96,66
7,98,70,92,130,56,78,62,60,62,40,98,102,78,34,32,22,122,108,44,124,90,46,60,66,104,132,122,96,92,20,124,114,92,58,82,102,92,122,42,68,20,106,42,88,106,74,38,110,136,102,60,70,134,64,46,104,36,96,94,86,46,92,102,70,110,50,74,136,100,28,52,76,52,88,40,90,42,118,108,70,62,220,84,100,76,60,102,108,108,68,94,100,118,64,46,74,64,60,92,50,104,128,118,80,140,112,78,68,58,70,64,90,48,62,110,58,122,58,102,52,132,92,66,82,80,102,76,110,76,122,58,46,80,66,100,74,80,100,140,96,46,66,58,70,90,66,72,124,38,70,94,96,174,70,96,102,130,126,64,116,52,146,102,152,66,54,78,66,132,38,44,56,98,124,108,50,50,108,116,80,86,56,122,72,70,64,112,60,72,46,104,116,152,50,86,84,50,50,26,82,156,44,88,74,112,130,132,68,56,98,90,36,78,78,76,44,56,78,98,124,104,82,52,38,156,84,70,48,38,36,70,120,30,42,26,114,78,44,94,100,94,122,88,90,100,74,94,128,82,76,128,66,100,74,98,98,108,90,92,96,68,104,128,138,78,126,62,36,80,116,64,92,110,72,62,66,54,70,102,108,46,86,70,50,92,72,18,88,74,92,112,126,82,90,100,76,136,74,92,68
7,80,74,96,136,82,138,78,74,80,80,112,84,76,28,44,64,64,122,62,96,108,78,86,70,82,136,78,106,68,28,110,124,118,54,68,98,54,90,48,98,42,58,50,94,84,62,66,78,144,84,98,100,140,46,58,140,38,96,126,116,60,98,112,66,132,52,54,114,78,8,20,80,44,96,68,114,46,150,78,90,48,122,56,102,58,48,86,128,142,74,68,98,84,30,44,60,50,62,84,36,106,76,150,56,96,66,30,50,66,94,132,120,58,60,148,62,102,48,112,48,132,102,72,92,56,60,156,118,64,116,80,102,114,78,120,72,92,102,80,92,46,102,48,82,106,70,72,92,78,62,84,74,108,78,68,74,112,94,92,84,70,126,78,118,56,38,90,112,96,50,74,46,78,82,94,42,90,74,68,86,56,96,112,64,56,84,96,70,44,64,100,166,96,46,78,104,106,50,86,56,124,76,54,64,178,88,136,124,44,94,120,46,126,102,108,66,60,118,76,72,86,90,102,76,164,92,58,92,38,10,82,116,28,52,58,76,106,40,56,90,46,112,182,74,120,70,68,90,124,114,88,100,160,120,66,92,110,120,86,92,80,116,124,70,64,100,58,80,64,116,24,78,170,68,84,52,70,36,100,102,46,108,126,48,104,84,18,112,64,152,106,110,86,88,106,70,134,54,74,74
7,64,54,62,132,66,94,70,90,66,64,78,106,90,44,40,30,58,94,26,152,44,64,86,72,98,80,58,76,68,50,136,148,84,88,84,100,92,96,54,96,44,80,50,120,120,80,62,80,90,86,78,90,114,66,68,150,30,164,134,108,62,88,114,60,112,38,32,76,84,24,16,108,36,62,32,118,28,90,74,116,74,164,48,78,96,68,90,118,136,56,104,114,116,28,56,72,44,72,100,60,114,70,124,72,164,110,76,42,56,68,40,116,66,100,56,56,132,68,60,36,98,72,86,84,110,58,84,78,78,94,46,58,90,64,102,54,54,142,112,70,62,102,42,76,98,114,64,132,62,72,88,40,150,82,102,94,104,118,72,122,16,162,86,186,48,58,104,132,94,58,88,38,76,116,130,48,116,86,58,60,80,64,102,48,54,70,80,56,98,58,56,112,116,62,118,66,38,48,46,84,118,82,46,66,182,98,122,90,46,132,126,84,118,64,86,64,88,104,62,138,76,62,66,58,170,94,64,100,30,36,134,94,52,68,52,86,106,40,40,92,54,102,148,46,146,66,78,62,110,68,76,82,108,90,86,124,60,80,86,100,108,110,104,82,88,112,32,74,70,110,56,84,136,94,64,82,44,110,48,94,56,102,60,56,86,104,26,128,62,104,120,104,100,88,128,46,144,52,64,116
7,108,88,102,110,72,138,74,76,132,70,78,90,106,36,24,40,64,102,34,118,104,52,70,98,94,94,110,92,44,30,104,102,82,76,62,114,58,156,46,70,40,68,72,138,102,68,56,82,110,140,82,88,118,66,76,126,46,142,110,128,88,76,68,86,102,88,58,136,74,34,22,120,82,106,72,68,48,110,88,78,28,158,74,104,64,30,70,126,110,86,96,90,124,24,50,64,72,68,118,42,120,124,136,80,110,92,88,18,86,68,64,126,62,114,96,44,130,46,108,62,72,90,56,58,48,78,112,78,58,132,54,82,78,78,118,104,76,116,132,140,66,92,44,70,96,78,122,92,28,80,68,62,86,76,78,66,116,106,98,150,60,128,98,190,70,26,86,86,106,40,72,66,80,102,86,92,120,66,112,70,60,80,98,48,36,48,110,60,56,48,92,120,124,38,92,64,42,64,80,74,118,30,54,74,122,100,130,70,76,82,98,90,146,114,80,38,72,74,44,92,64,52,70,68,168,98,54,86,56,24,76,104,52,68,62,70,112,48,44,90,72,124,190,82,76,44,60,102,106,98,76,128,130,82,60,98,136,102,82,106,52,82,96,128,76,138,56,46,78,114,36,56,126,96,36,40,72,104,120,104,40,98,86,64,74,68,50,88,82,68,118,134,98,104,132,84,112,38,72,78
7,86,64,136,168,70,108,76,88,118,76,100,88,86,40,62,44,82,78,62,108,124,52,68,120,136,108,94,54,70,60,90,90,40,62,70,100,72,120,40,114,68,58,36,158,80,46,24,90,114,90,54,76,158,48,72,144,36,120,100,112,40,100,134,106,88,44,44,96,74,32,18,66,66,70,70,80,30,82,82,76,54,194,46,78,82,62,62,102,106,80,108,102,114,32,38,38,22,76,72,44,102,78,118,70,118,118,54,36,64,86,104,120,68,68,106,68,94,50,82,44,72,118,66,112,56,114,106,118,76,90,36,88,70,86,110,34,56,104,140,66,74,70,42,40,100,62,62,98,42,82,92,36,124,88,80,100,140,76,138,118,66,136,80,138,56,14,92,134,86,20,82,62,74,116,92,106,102,46,86,130,86,98,116,80,28,62,84,48,74,48,66,86,122,52,94,54,66,32,84,58,110,54,66,110,110,104,138,84,58,128,140,58,66,92,96,100,76,80,52,80,106,104,84,70,164,68,82,96,46,62,138,112,30,52,84,68,118,42,86,110,126,86,132,48,100,36,60,80,118,70,108,92,120,94,82,80,134,94,56,92,84,112,104,96,98,134,62,96,60,92,44,56,136,84,68,44,90,90,96,134,68,70,54,36,50,30,48,64,94,124,110,110,74,86,170,72,180,42,74,68
7,58,66,74,92,72,86,104,58,74,100,106,98,62,32,64,32,74,96,68,110,82,72,90,88,116,98,62,54,46,44,126,104,76,72,84,170,88,142,42,98,56,86,44,122,108,90,52,96,138,100,58,120,120,74,64,96,30,118,74,68,60,82,128,76,116,52,46,98,58,44,40,104,52,110,32,110,58,118,86,90,58,158,64,108,76,78,72,116,120,66,90,82,162,34,92,56,34,84,90,70,72,72,158,60,148,118,76,32,58,68,76,108,82,54,124,54,150,50,86,48,94,82,84,80,54,122,62,120,64,96,42,70,78,32,84,78,50,106,112,60,60,78,48,76,74,80,74,116,70,62,48,50,138,102,68,78,102,154,108,98,40,120,94,188,54,48,76,90,94,24,64,112,112,84,122,44,68,84,68,60,92,100,82,46,50,62,82,76,78,54,72,150,100,48,78,62,62,46,70,68,166,52,78,104,206,112,100,60,74,88,134,50,122,74,106,78,76,82,66,56,84,64,102,76,144,90,52,86,54,62,72,148,34,44,54,50,88,76,44,84,110,124,148,88,104,54,64,90,86,74,134,104,108,98,68,116,94,82,108,96,62,102,102,122,68,112,90,56,82,118,66,76,160,66,50,60,36,82,68,68,66,120,82,44,92,58,40,114,98,134,130,94,92,100,134,72,96,56,62,92
7,60,102,68,104,54,134,86,76,84,86,74,108,92,36,56,34,78,108,90,122,100,38,96,64,102,124,116,90,52,62,36,96,112,60,58,132,94,90,76,50,40,94,46,114,72,58,36,124,82,62,92,98,116,66,64,132,68,174,82,90,62,94,104,100,100,34,86,110,56,6,42,96,46,88,98,84,48,78,82,84,26,174,60,88,44,52,90,102,88,72,80,64,94,36,46,32,42,128,132,36,120,100,136,74,148,88,36,48,90,80,80,108,62,40,150,80,124,68,104,38,98,76,84,92,54,112,126,112,76,102,38,76,58,82,108,94,84,66,114,84,80,110,82,38,92,68,78,96,68,40,68,66,118,70,96,102,90,100,98,124,80,104,76,154,56,40,90,122,106,44,82,42,96,138,108,110,94,90,92,48,96,108,112,50,58,72,120,34,72,44,98,114,100,122,128,54,76,34,96,58,124,54,40,72,158,148,126,114,70,112,114,56,126,72,76,54,44,146,84,78,66,92,122,80,104,48,66,116,58,36,74,78,76,68,26,72,112,58,44,76,90,108,150,62,94,38,112,114,92,114,116,44,78,76,104,60,120,154,78,78,86,64,112,136,98,62,58,74,64,98,40,46,110,90,74,66,66,100,76,78,86,74,42,48,80,64,26,122,104,92,120,124,100,82,120,50,134,58,92,88
7,80,64,102,78,84,142,86,68,110,98,102,134,56,50,46,54,104,100,70,140,116,38,100,94,124,100,64,88,84,36,146,200,122,84,74,132,116,130,66,84,48,80,30,122,92,104,72,96,84,116,68,140,128,82,110,130,64,190,80,76,84,94,88,134,96,56,58,80,100,50,48,108,70,76,68,118,38,140,70,60,66,140,92,102,92,72,60,146,96,62,140,152,136,52,52,54,70,76,90,68,124,94,100,96,130,114,62,52,50,88,34,110,92,66,100,94,102,46,122,52,82,66,60,102,70,70,84,142,78,104,82,80,108,72,104,98,60,106,102,116,56,98,34,70,112,88,74,126,74,68,48,64,148,70,70,84,92,114,106,142,46,110,102,168,76,40,88,84,88,50,140,126,90,168,86,54,62,74,94,48,74,100,138,152,54,86,92,68,106,72,70,134,100,50,90,108,54,54,48,70,110,92,90,102,140,124,118,102,48,134,84,62,80,76,96,86,60,80,78,66,82,98,74,90,148,110,56,114,44,44,82,134,62,64,68,88,88,18,112,76,84,146,162,68,102,60,68,72,92,122,104,116,104,100,92,102,84,112,90,102,56,112,134,80,122,80,32,40,86,114,46,112,144,98,38,88,64,96,100,120,44,80,98,80,80,80,42,106,106,152,102,100,92,66,184,64,192,60,84,98
7,94,88,72,92,58,76,94,58,110,44,80,102,76,40,46,44,80,138,64,88,100,80,92,68,144,120,108,66,52,22,104,90,74,22,128,166,88,106,38,90,30,76,34,114,116,84,28,118,118,150,122,78,132,96,72,124,76,126,102,86,74,44,102,108,122,54,88,108,64,36,92,114,92,134,44,72,28,112,84,94,82,136,86,124,80,32,80,88,132,88,104,108,136,26,42,60,40,60,122,30,88,128,124,86,128,92,82,40,80,104,88,92,70,82,72,78,100,70,102,48,72,108,84,62,78,94,126,88,122,70,56,84,64,88,86,86,76,104,100,76,62,100,42,48,118,124,76,84,58,72,64,28,140,94,110,160,98,132,128,126,36,102,104,174,42,4,74,70,116,24,84,76,76,128,138,44,80,78,68,72,42,68,104,48,32,42,74,62,58,58,88,88,130,56,76,88,60,70,48,100,148,44,72,52,140,170,144,124,54,98,114,44,134,80,94,116,68,120,48,108,106,86,64,76,176,66,62,58,40,36,78,168,74,48,68,106,94,64,66,108,108,64,166,50,118,42,84,72,132,80,92,116,102,82,66,68,94,90,46,80,80,124,100,84,96,126,62,58,44,114,28,76,140,70,32,80,88,82,84,102,52,76,120,30,54,54,58,74,98,148,108,108,70,76,92,52,98,36,128,88
7,74,48,180,88,72,112,78,24,166,60,68,140,104,38,22,36,66,108,44,122,68,54,54,84,128,116,106,42,90,42,164,102,114,34,92,96,100,66,58,100,28,70,26,124,68,58,40,60,110,96,76,66,106,68,82,118,30,152,76,114,58,72,82,96,118,40,60,74,64,36,30,88,66,88,40,100,54,88,84,56,86,194,78,64,52,46,82,124,112,40,116,72,134,34,58,58,50,66,134,34,140,70,86,42,174,116,36,38,64,90,72,104,72,64,68,48,116,56,108,34,98,72,74,102,48,126,90,78,94,106,46,84,84,98,120,48,56,104,102,108,68,64,48,40,118,84,88,94,58,76,30,62,138,100,56,50,150,108,106,144,48,156,80,130,58,32,68,68,78,32,88,78,68,130,70,42,110,76,98,56,118,88,102,66,52,74,112,86,64,50,62,120,112,30,126,92,48,76,50,136,154,58,62,98,156,148,106,96,64,106,118,42,82,84,62,114,34,106,68,66,64,64,76,26,180,112,62,44,34,28,62,92,32,66,84,74,116,46,88,98,74,126,124,80,70,46,48,130,124,110,52,100,72,96,108,92,66,132,78,78,80,102,92,58,84,138,40,86,52,140,28,46,148,102,100,68,58,96,68,124,66,80,76,18,112,84,16,114,80,142,108,106,76,48,148,44,166,46,56,84
7,116,98,76,132,58,64,78,68,72,70,84,128,58,56,40,68,58,84,86,108,68,86,50,106,132,96,70,88,58,30,76,96,84,104,110,104,134,92,72,64,14,70,60,152,52,104,48,104,102,80,80,102,120,92,86,120,88,136,134,100,30,58,124,100,154,44,56,100,92,22,22,122,82,80,66,104,22,112,94,76,38,138,64,94,58,56,106,130,98,82,124,110,90,52,48,44,38,84,152,54,122,90,84,68,176,116,52,46,70,82,62,122,58,64,110,54,94,36,106,40,108,118,58,82,62,112,126,80,76,168,46,68,76,70,90,62,76,100,142,100,66,98,66,62,116,84,66,112,48,60,56,66,142,42,72,64,82,158,100,116,48,150,106,132,66,32,68,114,106,22,66,90,32,116,114,46,146,50,62,60,68,72,100,64,90,44,98,70,76,80,82,140,78,84,82,74,62,68,40,106,142,76,58,66,174,130,148,84,66,102,146,32,92,80,86,70,88,82,84,90,78,62,74,46,176,120,98,88,52,30,110,116,38,50,42,102,136,62,66,60,90,70,166,46,120,48,88,84,104,68,78,86,140,108,80,116,96,112,108,98,94,110,116,92,94,128,56,80,50,118,44,64,100,96,98,66,36,76,76,116,90,86,80,42,78,88,66,70,68,138,146,94,98,54,120,58,130,34,60,62
7,98,54,68,114,84,120,66,84,80,66,110,58,106,36,32,58,70,120,64,112,82,116,72,80,138,132,104,80,64,36,112,158,108,40,112,124,64,92,62,60,38,88,34,138,68,68,52,94,138,82,98,96,108,38,92,200,46,124,90,122,20,86,90,82,86,32,82,108,92,26,38,96,64,88,48,114,38,72,60,86,62,110,56,92,54,82,86,138,132,114,92,96,114,0,34,54,30,130,74,94,122,84,112,46,152,156,70,62,58,84,68,138,86,88,132,64,112,42,90,48,140,98,110,94,52,78,132,106,80,126,54,98,68,126,114,54,92,124,98,84,38,90,64,100,76,104,84,116,58,46,70,52,142,110,56,88,56,116,74,166,70,92,86,144,30,48,72,80,96,42,64,66,52,128,110,88,58,82,112,84,36,70,120,64,56,86,84,56,96,30,78,94,130,40,106,70,54,26,88,90,104,38,68,90,170,76,114,120,82,82,126,88,86,122,64,82,64,54,68,76,46,50,76,84,118,90,84,114,30,54,82,80,56,84,68,112,78,32,58,88,80,106,116,42,92,48,118,100,136,100,106,52,118,70,90,104,104,110,86,128,70,98,120,114,64,114,66,68,86,82,28,76,170,56,86,32,78,82,104,104,72,130,46,68,90,72,20,118,120,106,104,80,82,62,146,96,146,44,78,102
7,88,100,82,114,86,94,100,62,140,54,72,82,84,54,66,40,82,88,84,132,114,60,62,76,134,108,104,72,74,40,76,82,64,48,88,120,92,138,50,52,30,68,42,94,116,54,26,66,152,88,116,88,100,42,70,104,22,156,106,98,66,80,108,78,152,46,56,86,70,40,48,120,54,78,74,88,14,112,58,64,22,176,76,78,72,22,118,98,156,68,88,90,128,38,26,76,50,104,112,76,132,78,130,60,138,52,66,52,94,126,70,70,68,114,80,76,74,78,108,34,72,72,80,88,94,84,92,74,86,80,52,92,102,64,78,88,78,118,112,66,88,104,40,76,100,94,76,84,24,54,36,58,128,106,102,84,98,76,100,152,64,138,108,154,48,12,94,130,96,46,108,52,76,102,112,94,60,92,96,72,64,82,84,100,66,90,90,58,82,34,40,146,140,42,96,108,46,46,50,82,138,64,60,106,140,74,152,120,66,88,102,58,106,88,80,72,80,72,94,82,86,52,68,68,172,98,46,54,50,22,56,108,26,64,70,88,68,48,98,100,120,112,134,46,76,60,48,82,100,104,124,66,120,100,60,76,78,104,66,86,72,136,122,98,52,158,48,64,66,130,36,58,134,90,80,42,60,78,70,110,66,82,60,52,68,80,54,138,84,88,102,108,112,68,136,56,138,62,80,80
7,32,76,134,106,70,86,82,70,94,56,100,108,96,42,40,70,66,118,32,134,80,50,82,58,120,84,118,118,68,58,102,130,106,88,102,98,50,86,82,104,48,82,60,146,92,62,32,112,126,98,100,66,120,52,86,106,40,150,122,100,24,92,78,120,152,48,66,132,78,20,60,90,72,132,62,96,24,94,66,94,46,148,78,86,70,50,80,70,106,84,112,104,124,36,26,38,54,96,106,52,118,96,152,84,126,136,40,36,70,48,90,104,110,50,54,84,92,48,92,52,100,98,94,76,78,92,96,94,104,114,60,100,70,92,150,66,38,100,112,92,56,118,42,60,136,74,106,120,42,66,64,54,94,90,54,108,92,110,92,112,42,122,120,152,94,26,84,92,100,30,76,74,74,110,96,40,86,56,82,38,110,70,94,104,48,68,148,70,74,48,92,128,110,48,74,110,50,64,42,96,132,80,58,96,114,136,96,70,42,122,122,80,134,86,92,114,104,114,114,112,58,66,82,56,148,102,74,76,42,30,92,112,82,76,48,116,112,70,52,74,92,90,172,66,78,54,82,96,126,78,80,98,118,68,82,80,120,108,58,102,56,124,110,104,60,102,32,84,62,122,60,46,138,90,88,58,28,88,86,102,60,136,76,28,90,76,46,78,90,138,152,64,144,94,124,82,152,46,70,86
7,78,52,74,78,74,106,88,64,112,82,120,102,64,18,42,26,84,120,90,122,82,50,74,60,114,126,60,90,48,48,102,88,50,78,68,166,62,104,20,94,32,44,66,126,78,84,60,74,134,124,64,94,72,54,88,136,46,128,94,146,62,78,78,70,110,52,56,96,118,50,10,90,60,80,60,104,52,120,106,80,58,178,54,86,88,54,74,164,104,74,132,88,98,30,62,50,30,94,160,42,82,86,134,58,154,142,64,12,48,44,94,126,60,64,124,64,134,86,78,70,126,80,90,88,54,56,72,114,96,138,64,54,72,96,126,88,70,50,106,112,38,114,40,66,92,110,102,126,68,64,64,44,124,116,66,118,88,82,74,118,64,128,88,174,38,24,68,64,136,24,92,96,74,106,90,76,108,98,100,60,114,72,130,64,30,60,122,36,60,58,78,108,156,56,98,106,38,54,80,68,130,42,54,76,120,126,124,50,80,110,172,76,80,52,82,122,52,102,76,88,44,60,100,74,200,80,76,62,30,32,68,128,44,36,38,126,106,30,52,92,96,124,150,86,88,42,70,162,98,88,92,74,142,82,66,90,60,88,78,94,74,112,116,80,60,100,48,50,70,118,36,40,112,90,66,50,54,88,82,126,88,72,62,40,46,88,42,104,78,112,122,114,80,114,126,60,148,32,112,82
7,82,30,92,122,44,96,86,74,84,70,90,102,82,42,50,34,96,102,60,88,122,62,90,42,124,90,78,60,86,54,86,94,74,78,106,96,72,110,52,74,38,78,40,122,70,42,28,104,128,146,90,90,130,52,44,104,22,182,98,108,52,84,94,80,100,32,48,74,86,34,28,120,50,92,58,116,84,112,76,56,56,194,80,92,58,40,88,156,100,96,86,130,134,54,34,70,40,130,96,52,114,78,168,36,168,104,68,24,60,62,60,156,44,38,68,58,98,68,92,44,122,68,92,50,118,66,112,114,74,94,74,50,70,36,122,58,102,96,122,82,54,102,34,56,90,86,24,98,80,70,64,52,112,86,70,90,104,104,82,126,70,146,94,140,70,36,50,80,100,40,64,54,52,128,64,98,140,84,96,72,84,66,108,62,44,54,116,52,80,54,124,120,98,46,124,102,60,46,64,82,120,62,40,80,120,106,128,74,102,80,124,66,124,90,84,70,94,58,102,98,82,66,72,90,162,84,68,54,72,12,68,140,18,68,58,70,128,46,54,86,66,106,112,68,116,46,90,70,78,120,94,82,106,78,134,70,118,142,102,78,68,86,120,110,108,130,36,76,70,104,42,58,112,78,70,74,48,62,76,84,100,84,84,18,72,58,42,110,66,132,158,78,88,98,144,60,192,22,106,98
7,88,44,96,142,60,102,116,78,112,94,70,88,60,40,36,40,60,98,44,142,70,52,124,88,130,100,78,100,44,30,152,122,78,78,80,98,62,118,66,48,38,48,34,70,80,40,32,100,84,116,88,62,80,78,100,140,50,76,148,142,42,74,108,84,140,70,44,112,70,44,32,84,54,70,52,102,80,94,98,110,32,150,64,104,90,44,30,74,100,74,74,104,156,46,24,96,126,86,106,82,106,96,126,50,126,100,90,46,72,94,64,112,82,46,106,32,108,70,112,50,80,100,106,68,110,82,84,128,90,156,56,70,56,114,86,56,54,112,152,88,76,80,58,84,90,126,70,70,46,82,34,84,172,110,52,114,154,116,136,154,38,94,126,148,64,44,74,92,110,60,78,108,48,130,120,90,82,60,116,64,120,60,110,98,20,26,94,72,66,44,76,160,152,74,70,78,42,78,58,100,110,42,68,68,166,88,124,94,42,130,120,68,148,102,74,52,50,140,66,150,96,72,78,54,132,122,60,56,36,42,78,102,34,40,70,102,78,48,46,104,106,132,144,54,90,60,56,88,94,92,110,84,62,108,122,98,74,88,74,108,98,140,112,88,68,108,70,54,62,150,24,86,116,132,62,76,56,96,84,130,50,76,94,50,60,68,28,128,56,128,108,88,114,66,126,36,174,66,92,64
7,116,50,76,128,86,130,62,80,80,72,106,80,84,84,46,42,120,94,48,136,74,32,70,78,116,108,96,86,54,26,122,110,58,60,66,134,80,82,68,82,74,92,42,132,106,116,46,124,110,118,86,92,124,76,46,128,54,152,114,86,40,70,70,94,148,44,80,100,80,58,42,94,50,112,38,128,66,136,50,88,56,156,44,100,82,64,108,128,102,76,70,112,142,50,72,74,32,82,78,46,98,100,156,82,136,118,84,24,54,94,40,122,62,46,88,44,102,94,88,40,122,60,94,96,70,86,92,128,82,128,64,42,68,64,150,58,44,86,104,78,58,76,36,112,112,74,100,118,54,90,40,66,100,100,76,102,94,120,102,92,42,102,116,178,48,22,84,110,120,34,80,60,38,100,154,62,86,78,82,80,60,74,88,54,46,56,62,48,106,40,62,100,116,32,86,92,44,52,46,114,130,54,56,88,112,72,114,128,52,104,110,64,118,74,108,90,68,82,56,124,70,100,66,100,172,72,90,102,52,28,58,112,32,66,66,76,118,30,108,94,78,110,188,50,120,68,68,94,100,100,116,100,96,66,112,120,66,130,90,82,76,102,102,138,112,130,46,98,58,94,28,68,70,102,62,58,62,60,70,124,80,110,76,24,70,82,26,88,84,102,94,114,116,88,138,58,136,48,68,78
7,92,50,50,118,66,114,66,76,76,70,106,104,94,46,74,30,84,78,74,116,80,54,70,54,120,70,106,110,76,30,116,84,128,52,58,118,82,92,64,70,34,54,28,118,92,94,46,98,92,100,90,54,124,36,70,80,44,108,128,104,62,58,86,84,120,46,48,110,68,70,40,78,52,130,76,126,56,112,76,38,40,194,50,90,56,64,90,108,104,56,100,90,92,32,42,84,28,74,132,54,112,84,132,92,152,114,80,24,60,88,76,110,58,90,86,40,126,74,114,44,138,100,100,88,36,70,124,94,84,136,54,56,96,82,116,104,72,84,152,104,54,102,32,64,100,84,76,108,48,102,48,64,114,74,96,94,110,88,78,122,56,82,148,158,122,20,66,52,68,42,102,50,52,130,130,62,136,54,132,60,50,60,68,92,62,52,112,42,84,58,78,142,130,42,110,94,20,26,82,104,148,52,78,72,168,102,116,68,52,108,118,40,114,126,78,96,114,76,56,78,56,86,64,52,154,70,70,100,58,80,72,102,22,82,62,100,100,42,40,104,126,94,124,34,80,56,80,74,100,78,96,74,122,110,110,88,90,76,56,92,58,88,136,82,86,94,76,54,60,148,28,78,100,122,58,54,50,62,82,112,58,88,76,50,84,56,44,120,70,104,130,114,100,54,132,62,166,52,82,76
7,84,60,86,122,86,136,104,86,86,64,88,92,94,64,64,82,74,104,74,158,84,48,96,76,102,132,82,60,30,40,114,82,78,90,102,150,116,124,94,94,62,82,54,90,158,100,28,66,70,118,96,54,114,50,60,160,52,140,76,100,60,74,94,106,108,30,92,100,66,58,12,80,62,70,70,106,46,70,76,84,38,218,74,52,86,34,96,92,132,100,118,66,128,60,58,96,96,82,108,68,92,72,134,76,190,90,58,28,88,62,76,102,56,86,104,60,110,76,108,80,90,106,94,98,104,104,108,66,52,158,52,58,92,100,72,70,72,46,106,96,28,80,72,50,66,132,66,114,92,76,68,66,96,104,50,126,104,120,126,144,42,98,68,148,76,24,108,100,86,32,66,56,42,82,96,70,94,106,108,64,60,88,142,70,58,104,116,44,66,34,66,94,140,24,66,108,38,58,100,72,140,40,38,74,114,80,98,98,76,114,90,40,110,98,86,80,70,82,78,114,64,82,50,48,146,80,84,68,22,42,66,98,40,64,64,86,74,30,54,62,66,140,170,22,86,48,50,84,100,96,92,76,104,62,98,118,86,96,62,102,122,124,96,88,82,106,48,58,60,112,36,58,148,100,48,68,60,76,82,126,28,100,68,60,30,68,24,142,46,118,88,142,96,70,136,62,118,38,96,68
7,84,82,82,150,68,128,54,90,114,60,72,160,110,28,38,38,66,108,60,98,86,54,108,78,128,82,110,86,74,66,118,110,80,88,88,138,78,136,34,94,22,112,54,118,94,70,60,108,116,138,94,74,96,58,66,78,22,146,100,106,50,64,66,152,110,62,64,92,122,30,18,110,56,68,46,116,28,132,78,84,58,136,50,82,92,114,142,120,122,62,114,142,114,60,68,62,56,92,136,74,114,92,140,58,136,130,78,64,78,72,56,102,52,110,94,112,140,64,114,46,114,88,94,70,70,118,96,74,76,124,40,60,112,62,118,58,40,74,156,90,36,96,36,78,140,68,90,72,62,98,78,78,130,110,96,50,126,94,122,198,82,102,128,170,68,22,56,116,114,36,110,82,36,90,88,88,68,108,118,92,96,94,94,68,52,66,88,24,52,48,58,148,108,30,78,100,72,44,62,108,126,42,44,60,140,108,138,76,60,104,112,44,110,118,84,108,50,112,34,62,74,84,62,54,184,100,54,80,32,38,86,124,34,72,58,90,92,22,96,76,98,96,174,54,90,56,58,86,126,62,98,84,134,66,64,82,88,80,108,92,76,94,94,94,138,106,48,68,54,142,48,70,92,122,56,62,60,98,66,128,58,102,86,64,72,86,34,78,84,82,112,88,80,66,100,62,110,50,96,90
7,108,58,98,126,72,108,84,80,106,60,116,102,78,28,52,60,110,112,64,114,76,70,76,82,118,124,146,76,86,44,104,112,94,108,106,90,76,100,60,50,22,56,48,110,94,78,44,126,114,90,120,72,106,50,102,150,48,100,106,76,70,42,112,98,106,38,78,84,90,38,42,88,56,106,48,80,30,106,62,66,46,196,80,120,62,86,94,96,144,46,138,100,138,46,28,70,54,94,104,78,102,114,172,60,136,98,92,58,80,80,34,160,56,96,100,100,100,62,104,34,138,92,112,108,68,72,116,94,78,100,44,78,72,54,84,76,54,132,102,124,44,86,52,62,126,90,144,100,36,80,50,42,158,90,64,100,78,124,102,140,14,136,70,162,86,26,84,88,80,30,90,76,66,100,92,66,94,72,72,54,88,94,118,60,78,68,96,72,92,50,60,142,108,58,72,86,68,62,44,82,152,28,32,90,170,92,132,110,54,98,98,62,108,132,78,74,86,98,94,78,64,46,80,60,186,92,56,48,32,28,92,92,16,48,70,104,106,56,62,92,80,76,156,54,122,68,92,116,100,110,72,92,138,64,98,84,98,66,70,128,82,96,136,84,64,114,44,64,54,84,42,84,122,116,68,52,38,40,90,86,50,114,68,32,84,124,24,122,92,90,100,94,92,74,122,70,160,42,84,62
7,58,72,96,126,78,98,100,78,120,58,88,90,66,30,28,62,60,84,50,104,120,54,78,84,130,100,106,70,72,76,80,100,64,62,98,98,90,140,70,56,40,88,58,144,72,74,36,106,152,100,78,72,186,56,54,126,42,132,116,64,46,76,114,106,102,36,88,104,78,34,36,74,68,104,44,122,24,106,68,108,48,134,90,118,44,50,120,88,104,86,78,98,134,32,38,68,36,102,104,62,124,128,168,94,120,82,74,66,82,100,70,124,74,54,84,64,146,58,82,44,100,78,76,64,64,72,160,88,62,106,38,84,82,82,108,96,58,104,122,104,52,100,44,62,76,98,70,126,68,72,76,38,122,80,60,56,102,100,114,120,48,92,72,126,44,42,56,84,108,32,94,46,54,100,94,60,100,40,72,86,60,92,148,66,60,98,88,66,126,52,74,132,114,64,74,86,44,62,58,66,142,40,56,88,188,142,124,106,72,60,158,52,74,122,94,84,72,76,126,86,112,100,118,72,128,90,92,118,24,28,78,102,66,80,60,100,130,28,44,50,66,130,148,78,126,32,54,112,116,104,98,92,86,96,82,86,68,124,100,102,108,144,128,88,94,146,66,60,48,92,42,46,90,130,86,80,42,44,92,90,62,54,44,60,76,58,54,108,106,122,138,98,86,76,158,70,124,92,92,80
7,110,54,74,120,76,128,56,78,90,86,82,124,66,38,30,52,52,118,68,118,116,42,62,74,106,110,94,42,48,14,106,102,114,98,68,98,58,108,62,80,38,86,60,202,92,62,44,104,104,80,86,72,132,70,54,98,68,132,82,106,88,52,124,100,174,52,70,84,76,26,32,76,60,84,54,132,56,106,148,54,52,144,54,72,70,42,114,124,104,56,90,90,108,52,64,96,46,94,124,46,162,114,154,68,122,106,56,30,56,56,70,146,86,70,116,58,110,40,92,68,90,94,84,104,36,112,94,100,58,102,58,62,118,78,142,90,74,96,84,98,86,90,38,62,88,80,68,122,64,84,46,44,148,54,80,82,106,104,120,102,66,126,104,166,68,38,34,84,78,38,102,62,68,104,160,60,126,48,84,80,82,74,132,68,78,30,72,58,82,48,50,126,94,36,134,100,54,60,64,72,156,32,54,98,180,96,112,96,32,54,124,76,68,80,96,82,48,116,106,44,58,54,80,44,186,54,82,66,60,18,62,88,26,62,54,90,106,32,54,114,98,124,154,54,86,80,46,84,78,152,86,76,130,102,108,70,126,128,84,88,78,120,106,128,90,144,56,72,60,116,40,60,86,90,58,66,64,86,72,168,70,74,90,42,90,64,16,108,72,84,102,86,78,88,110,72,114,30,70,106
7,62,48,112,138,86,134,114,102,92,48,92,84,64,58,40,62,84,94,120,104,84,64,68,88,88,142,86,92,52,42,92,94,66,68,100,132,114,102,62,58,36,38,50,124,96,54,34,66,184,80,74,74,110,64,80,116,58,120,134,118,102,76,64,88,132,102,68,102,72,34,28,94,48,96,52,82,34,78,78,112,58,140,78,70,76,96,76,112,116,80,96,80,120,42,36,68,54,122,104,54,112,104,122,62,130,140,58,54,106,68,46,146,58,80,108,36,124,44,106,46,110,148,54,76,68,116,136,92,108,102,48,96,64,94,92,94,76,96,114,88,38,138,72,32,122,76,52,98,48,74,58,58,126,122,72,80,116,106,84,148,48,164,126,144,76,54,52,82,142,56,106,74,58,94,94,68,98,88,48,36,60,46,120,104,76,126,154,54,86,54,64,106,122,54,152,98,78,76,60,82,126,82,58,118,172,108,172,78,78,102,106,78,64,106,72,110,74,82,50,52,74,58,80,68,152,72,66,112,60,18,78,104,60,82,82,128,74,64,74,78,138,130,124,78,106,40,40,72,94,118,96,60,100,106,122,82,146,94,88,104,104,128,142,74,72,144,76,78,60,108,62,102,132,88,100,52,30,88,72,112,84,92,72,52,76,66,36,134,82,166,138,88,100,76,138,52,106,58,86,88
7,92,112,74,118,74,102,72,76,116,86,76,122,42,60,44,70,72,142,114,90,74,58,98,82,106,112,64,52,70,38,116,96,88,46,76,114,58,108,30,68,58,120,74,108,106,40,44,68,152,134,84,94,118,88,52,130,50,76,80,86,66,98,104,86,96,80,88,76,66,42,16,80,56,66,60,80,42,138,62,68,44,184,90,82,84,72,86,148,164,102,78,100,118,42,54,56,64,78,98,56,116,70,128,66,154,128,102,26,84,122,48,96,44,88,96,58,126,86,100,58,78,98,60,82,84,30,120,106,74,96,40,78,114,60,82,70,48,96,130,112,60,68,66,70,142,68,106,142,34,60,56,44,110,112,58,88,82,128,88,112,54,120,112,174,62,34,110,78,122,32,70,64,34,98,84,94,130,74,108,72,50,62,72,84,62,88,96,58,60,52,62,136,80,52,128,130,60,58,36,70,106,56,60,72,150,86,130,140,66,76,118,58,104,78,76,86,88,60,92,88,84,54,78,80,154,124,26,52,38,20,70,84,30,54,44,114,74,40,64,84,120,110,156,56,108,42,70,86,110,136,106,90,142,106,66,98,84,122,82,108,86,114,130,112,82,138,62,70,50,144,32,52,120,106,78,68,54,110,58,144,88,70,62,42,66,68,40,124,38,170,100,120,62,56,128,54,150,42,72,84
7,114,76,106,114,80,154,84,56,62,100,98,138,104,70,42,68,70,100,40,136,94,50,104,70,150,84,94,76,72,34,98,134,98,40,68,100,72,106,54,52,36,98,64,142,96,34,32,122,116,106,114,70,116,66,80,120,48,138,122,102,66,62,80,72,140,50,42,90,108,68,10,82,60,82,102,96,42,64,92,84,56,154,70,60,94,48,72,114,118,54,126,118,108,50,62,76,78,64,106,96,120,104,126,68,142,142,66,30,74,88,32,162,72,60,102,36,104,58,90,48,110,94,96,68,106,120,92,90,90,120,28,72,116,60,132,68,64,84,88,100,42,80,30,30,90,94,80,120,102,54,58,70,144,112,80,64,106,80,94,122,66,102,102,200,38,34,96,154,114,30,98,64,44,98,120,80,64,76,102,72,66,88,122,46,42,48,100,34,92,60,70,78,152,42,110,92,52,88,56,60,146,56,72,66,168,122,106,80,76,120,86,60,104,98,58,126,60,104,86,106,96,64,60,36,130,88,56,82,38,28,100,98,30,50,40,90,126,70,38,60,92,150,168,62,88,68,84,66,112,102,128,86,148,104,94,90,50,84,88,116,68,100,122,102,64,134,48,100,52,134,68,52,126,122,76,78,76,68,68,106,32,106,74,72,84,70,38,96,56,120,52,104,88,62,130,58,122,26,62,64
7,100,64,94,130,92,94,64,84,108,72,66,104,96,72,34,68,68,70,56,98,94,66,80,56,120,114,78,72,88,42,174,170,84,58,68,128,102,124,64,76,32,48,74,108,90,92,20,74,88,112,108,42,154,76,122,98,50,108,70,146,60,96,96,88,100,90,82,124,84,62,42,66,118,60,78,104,48,64,74,84,30,178,102,46,64,54,64,148,100,88,108,84,134,54,58,90,102,68,108,62,104,80,142,72,142,82,80,36,54,106,66,98,66,50,124,86,78,82,114,92,120,102,76,70,84,76,88,96,78,126,40,48,100,80,112,94,84,88,92,66,56,92,32,40,70,90,76,150,54,66,82,60,86,94,98,102,146,102,112,138,62,114,106,152,30,34,66,94,108,34,98,98,54,132,84,90,76,96,98,76,76,82,116,82,94,50,136,74,92,62,80,102,126,84,100,84,24,120,70,104,112,42,54,74,160,142,122,126,76,86,100,66,144,112,70,94,60,88,82,70,50,88,62,60,154,86,90,78,24,34,64,106,42,76,46,114,78,40,48,48,106,140,188,50,120,88,84,98,116,96,86,94,108,74,106,104,76,88,46,90,82,162,120,60,66,72,56,84,56,148,52,98,128,92,86,52,104,70,76,92,40,110,88,58,96,66,14,88,64,100,114,122,78,56,114,60,168,50,102,76
7,48,66,78,128,62,130,92,142,52,112,92,54,38,82,80,78,152,38,74,114,66,82,22,132,50,126,84,54,92,60,124,98,94,46,98,46,110,62,64,104,76,48,116,98,86,64,82,58,68,96,96,70,130,44,118,48,70,116,76,98,98,76,88,80,126,44,120,76,134,40,36,76,68,116,28,66,56,96,132,82,72,96,74,80,70,54,78,82,104,70,88,106,68,68,50,84,116,152,104,98,78,54,58,98,64,122,70,24,72,140,142,168,56,84,120,120,68,148,86,66,70,60,84,62,88,70,90,80,74,126,116,54,78,36,24,68,112,50,74,32,116,72,64,66,60,82,116,132,56,152,54,82,58,74,84,84,88,130,128,96,58,82,78,86,112,58,102,114,148,82,128,64,78,50,104,50,46,140,62,68,82,32,108,72,120,84,70,70,46,46,70,30,94,114,92,148,70,94,70,136,40,150,50,86,106,0,0,94,46,72,134,80,96,96,70,106,90,106,106,66,24,32,42,64,102,68,152,98,38,44,76,92,138,102,76,54,32,88,102,98,80,64,134,78,120,50,40,34,122,40,114,86,56,22,112,162,118,108,102,132,80,92,150,50,110,92,100,46,74,84,132,124,30,60,98,58,32,14,124,26,86,56,94,46,48,98,110,66,170,56,114,68,44,108,88,104,64,110,114,112
7,68,70,78,116,98,126,98,66,126,68,58,128,86,22,50,92,98,150,44,100,122,34,90,58,126,130,78,60,70,42,130,146,88,68,74,104,76,136,66,70,38,58,60,110,58,52,68,74,92,124,104,48,122,64,108,130,44,96,118,128,48,78,64,116,88,80,68,80,118,40,28,74,68,122,76,94,34,82,70,72,56,168,74,80,76,38,80,90,118,60,112,118,134,42,38,62,54,80,88,94,134,110,204,68,138,140,68,36,48,60,76,122,52,58,136,50,124,90,126,60,86,94,80,74,94,66,114,120,84,102,64,76,74,84,98,56,68,100,92,72,60,82,56,68,102,88,100,74,88,50,46,78,112,126,50,116,142,116,106,122,76,126,110,166,32,30,96,102,94,38,64,74,46,156,108,90,104,50,104,112,56,98,140,128,44,62,96,62,78,60,74,118,148,62,94,94,42,48,40,104,140,32,58,48,132,118,110,54,62,102,162,62,116,154,60,58,18,76,96,98,62,92,58,58,162,96,48,86,34,46,78,134,34,44,94,92,52,46,54,72,82,122,170,54,84,60,48,106,82,78,112,100,120,74,92,90,74,92,72,114,66,106,116,90,80,126,34,82,54,176,32,42,130,82,74,82,76,82,48,124,78,62,74,46,90,58,44,112,72,132,116,142,68,52,142,60,130,58,68,112
7,72,66,80,78,54,82,84,78,102,72,60,116,68,26,32,64,46,104,76,76,68,52,98,80,118,122,130,100,58,70,108,172,40,74,60,148,118,106,38,68,36,70,28,112,94,100,34,62,126,112,102,60,116,82,42,142,66,122,102,98,64,76,124,118,104,20,44,80,68,24,24,92,50,120,50,108,78,80,76,54,56,164,74,72,68,66,74,122,132,68,104,84,156,48,56,84,36,66,94,54,142,82,144,54,160,114,70,30,60,34,40,102,60,68,92,52,108,34,108,48,116,70,92,78,74,106,134,110,68,96,66,84,116,64,118,86,72,68,134,78,88,100,80,78,124,54,80,78,40,70,60,96,126,82,68,66,78,100,90,128,66,92,88,180,72,26,62,98,116,22,100,70,82,92,138,48,52,78,78,52,84,60,144,50,66,42,104,64,84,48,92,116,132,32,68,116,96,60,90,108,150,56,26,68,176,94,94,54,54,106,120,52,110,108,98,74,42,94,86,84,86,56,88,76,182,94,70,122,16,14,64,100,26,70,56,112,116,54,40,108,106,110,138,80,92,36,86,110,116,90,100,96,104,88,74,82,68,126,98,76,92,128,114,100,66,96,46,96,50,66,44,64,138,98,52,54,52,96,104,132,84,102,74,44,104,74,22,134,92,136,126,74,82,102,112,56,106,76,74,76
7,106,52,82,134,62,106,86,114,136,88,106,106,74,48,54,84,74,120,68,106,76,38,140,84,114,130,94,94,106,42,104,90,104,58,118,132,102,160,30,60,50,106,50,152,130,60,66,100,134,106,70,76,154,72,52,122,58,120,128,96,52,88,124,122,110,52,122,84,100,44,40,96,82,124,64,90,42,108,128,94,82,148,82,96,100,66,88,88,132,70,116,52,122,42,64,66,84,118,134,76,90,86,172,30,114,100,78,60,96,104,92,180,96,102,108,76,128,52,62,48,132,94,128,62,44,106,118,130,98,74,44,74,130,62,96,124,78,82,104,94,54,82,64,62,154,70,100,120,48,52,96,52,92,128,64,116,82,84,132,120,80,136,68,154,104,42,64,98,68,36,62,54,88,128,138,104,96,72,128,102,78,90,148,92,96,98,130,48,90,76,96,108,92,72,102,106,72,62,58,72,100,72,96,68,202,92,152,122,46,114,142,92,152,102,108,88,78,92,92,88,62,96,130,68,120,94,42,96,86,64,98,124,54,62,54,82,96,88,92,102,154,124,196,66,116,52,64,110,164,102,82,84,92,98,90,110,66,122,112,86,110,138,174,84,98,130,60,66,88,132,50,100,128,96,78,82,58,92,110,102,100,110,76,76,134,84,38,112,78,114,136,128,84,72,138,76,138,42,88,96
7,152,64,90,126,70,104,52,64,94,90,122,104,82,44,54,60,70,144,94,136,80,64,84,108,114,108,102,94,74,52,122,142,112,54,98,144,110,120,54,68,36,62,44,122,94,136,38,68,106,64,118,96,102,40,102,84,16,138,58,130,48,40,48,148,132,56,50,86,74,66,36,82,68,60,78,130,44,96,70,56,82,144,52,70,42,32,94,142,138,64,102,108,150,70,50,104,62,84,114,80,104,110,108,74,142,172,68,88,48,82,58,100,56,88,122,50,68,46,106,46,104,110,82,124,92,72,104,110,104,130,52,70,50,76,110,62,98,78,168,130,42,70,40,48,122,86,76,142,36,74,76,86,104,94,84,106,94,90,142,152,40,122,120,176,42,36,76,104,146,40,94,82,28,96,98,64,74,98,66,66,104,98,108,80,60,110,108,96,100,66,70,96,100,60,56,106,44,96,46,112,130,74,66,40,184,134,104,74,104,98,126,60,84,112,78,66,54,74,92,138,114,62,80,40,136,66,74,76,38,32,110,82,16,64,42,100,90,34,54,86,88,104,136,66,78,50,68,104,102,76,82,134,104,80,116,90,64,110,58,104,64,138,110,76,68,90,54,60,58,160,52,62,112,130,62,74,66,78,54,116,84,46,64,32,80,90,18,94,72,102,94,82,104,64,162,76,148,62,52,92
7,86,90,108,160,72,92,108,66,60,74,98,116,94,40,38,74,52,162,54,120,86,64,70,90,58,126,96,150,54,30,136,104,54,60,70,116,70,82,62,80,36,76,54,116,100,60,32,72,104,124,66,50,134,90,70,178,40,122,74,120,90,58,108,94,108,56,52,128,82,34,36,112,74,68,78,114,70,90,66,76,40,146,54,92,64,46,114,132,108,122,104,82,92,80,56,52,50,64,98,70,84,72,96,74,126,102,100,32,54,52,44,68,40,54,90,54,100,116,106,90,84,96,80,102,96,90,100,86,92,106,32,64,134,118,84,84,74,86,142,84,60,68,44,42,80,84,96,106,62,82,114,82,136,58,106,108,98,110,116,116,70,120,94,182,62,48,76,90,126,52,92,78,56,94,124,40,72,78,88,74,46,56,142,60,46,80,84,52,118,50,64,150,184,44,112,80,48,80,58,124,130,52,64,50,172,132,132,78,50,140,96,54,104,92,92,64,52,80,68,70,52,76,102,36,122,90,68,76,24,40,72,86,18,54,106,90,80,36,88,68,72,118,158,52,96,38,88,96,94,108,98,122,82,122,96,102,76,74,92,76,84,130,114,94,82,130,68,48,48,112,34,102,156,108,80,54,54,92,84,122,52,92,62,54,64,88,46,94,70,114,116,78,94,66,128,54,156,14,76,48
7,0,0,0,0,0,0,0,0,0,0,0,0,0,0,0,0,0,0,0,0,0,0,0,0,0,0,0,0,0,0,0,0,0,0,0,0,0,0,0,0,0,0,0,0,0,0,0,0,0,0,0,0,0,0,0,0,0,0,0,0,0,0,0,0,0,0,0,0,0,0,0,0,0,0,0,0,0,0,0,0,0,0,0,88,85.336,80,146.66,114.66,56,85.336,93.336,122.66,45.334,74.666,96,93.336,56,141.34,26.666,77.334,77.334,85.336,58.666,157.34,141.34,53.334,50.666,34.666,77.334,98.664,104,48,77.334,138.66,29.334,90.664,40,125.34,74.666,88,90.664,98.664,74.666,61.334,48,133.34,101.34,66.666,88,37.334,93.336,106.66,77.334,157.34,98.664,34.666,50.666,152,98.664,56,58.666,64,50.666,136,53.334,96,96,72,64,77.334,109.34,138.66,85.336,109.34,64,122.66,138.66,85.336,122.66,40,66.666,98.664,152,50.666,34.666,96,152,72,42.666,74.666,106.66,40,93.336,98.664,93.336,96,122.66,77.334,32,74.666,66.666,117.34,85.336,45.334,66.666,117.34,56,58.666,42.666,69.334,96,106.66,77.334,101.34,136,50.666,77.334,72,90.664,133.34,40,58.666,40,176,144,117.34,69.334,69.334,117.34,106.66,64,112,117.34,64,96,42.666,61.334,64,154.66,93.336,45.334,74.666,80,138.66,72,32,58.666,80,37.334,77.334,69.334,61.334,53.334,48,104,58.666,40,50.666,53.334,88,160,138.66,56,109.34,34.666,64,77.334,90.664,88,45.334,93.336,154.66,90.664,82.664,98.664,72,66.666,96,64,80,90.664,96,66.666,56,141.34,64,56,85.336,162.66,26.666,72,138.66,120,21.334,40,32,72,133.34,141.34,50.666,104,45.334,45.334,82.664,101.34,21.334,114.66,58.666,125.34,80,101.34,85.336,88,114.66,98.664,154.66,21.334,69.334,117.34,0
7,80,72,68,100,70,96,110,100,82,58,72,106,84,44,44,54,58,90,52,102,66,28,106,94,80,122,68,84,86,32,100,104,84,80,66,114,80,112,54,116,56,68,68,138,108,72,60,102,110,84,96,130,118,48,58,132,38,134,110,90,54,84,68,80,116,32,66,106,102,34,24,126,70,100,70,108,24,90,94,94,66,186,92,70,86,78,94,114,138,96,124,88,166,52,56,68,58,86,130,70,128,142,94,56,156,122,54,48,100,60,100,152,86,74,126,80,104,34,104,72,104,104,96,70,66,98,108,84,82,96,48,92,146,108,128,62,66,90,108,70,54,58,60,54,114,78,78,112,64,80,52,46,142,84,66,66,112,78,96,124,62,102,76,132,62,10,58,96,174,56,128,68,52,108,82,44,116,68,112,84,78,96,124,54,78,74,100,56,80,50,98,160,98,52,80,66,62,44,54,126,122,50,70,92,168,134,164,100,70,76,122,78,98,94,86,108,60,162,74,60,96,74,108,96,136,72,66,72,58,42,106,94,80,88,92,84,96,70,74,106,104,132,156,58,74,68,98,92,104,112,84,88,142,98,122,92,88,134,98,114,58,124,84,96,74,124,58,72,64,86,46,66,116,78,60,100,42,70,116,86,70,112,52,56,90,58,30,62,100,124,130,46,66,76,162,46,138,54,110,64
7,86,56,126,122,84,88,84,78,106,64,62,122,104,44,40,74,64,110,40,126,50,56,92,84,96,128,74,90,50,58,148,122,84,58,102,92,70,132,60,54,40,42,70,168,110,64,32,70,128,110,62,60,126,90,72,110,36,56,102,118,78,74,84,122,118,58,60,148,92,48,48,118,46,76,84,126,46,68,76,78,62,160,98,84,46,38,96,100,116,120,62,114,100,64,50,76,48,80,146,116,104,94,152,46,170,102,62,58,72,100,62,80,66,36,136,62,76,64,104,78,106,116,96,92,102,98,88,124,64,158,42,106,86,74,110,114,38,96,56,124,40,98,74,70,116,80,76,88,118,66,56,48,112,134,62,94,54,80,128,126,22,98,114,150,54,30,68,66,92,32,78,80,48,144,122,100,74,96,102,84,64,68,140,78,70,44,70,50,80,46,56,80,152,42,92,96,40,100,50,76,126,52,58,34,128,124,132,74,86,110,102,42,132,92,88,72,46,88,90,128,80,90,58,52,122,58,40,58,56,36,56,112,26,42,68,118,74,32,84,66,116,132,152,28,130,24,76,106,94,94,54,102,128,86,76,86,62,88,72,122,98,132,122,102,48,126,48,60,50,144,22,86,100,84,58,66,56,82,88,150,80,86,102,48,70,88,6,112,46,118,154,82,74,60,126,72,148,64,66,106
7,72,50,50,76,162,66,102,88,70,60,150,76,100,84,38,124,118,132,56,80,90,96,40,102,90,64,64,108,104,120,92,134,34,118,126,94,20,54,56,92,96,46,54,88,68,136,54,98,42,136,86,114,110,116,68,136,74,66,114,70,88,124,86,124,64,38,90,118,96,46,96,44,66,90,74,78,114,68,68,96,64,182,76,118,116,120,112,154,118,50,102,138,170,58,22,74,122,110,70,80,72,48,120,106,70,84,86,80,76,52,66,112,74,72,70,92,52,100,66,64,78,132,56,90,98,54,76,76,92,106,28,54,82,164,140,148,82,88,108,102,58,80,96,66,46,78,92,60,108,84,82,72,40,130,66,62,74,64,20,92,116,24,42,70,66,88,86,90,26,92,176,148,54,124,64,76,62,122,86,72,164,104,102,70,96,122,86,58,50,62,120,128,78,86,172,64,94,50,136,28,74,142,88,40,66,54,92,86,108,48,132,88,66,68,64,12,84,60,102,130,124,94,74,148,44,146,62,84,92,6,0,118,80,98,154,86,112,120,62,72,118,86,106,100,50,76,74,100,118,112,128,90,50,110,82,134,152,78,84,60,36,122,142,76,48,50,100,52,128,54,88,46,58,50,118,112,64,20,100,78,86,78,70,126,90,96,138,34,90,92,150,68,62,116,88,122,90,68,118,80
7,126,44,84,122,60,98,56,54,78,74,78,148,108,32,38,50,98,74,82,84,82,68,98,74,116,102,106,102,54,32,100,100,64,42,88,148,70,110,60,58,72,116,64,136,84,88,60,106,120,114,94,52,112,64,70,148,68,122,106,114,84,52,80,86,88,66,98,84,72,44,40,134,64,74,72,90,40,98,92,48,54,190,68,98,76,34,94,170,148,98,80,84,98,38,64,54,30,102,120,48,180,98,146,82,116,120,76,36,58,90,74,128,92,80,104,68,114,52,108,50,102,66,90,90,74,80,118,122,70,148,52,100,80,76,102,64,46,104,120,102,80,88,50,44,98,62,72,84,44,66,86,74,98,38,64,106,100,114,122,160,38,120,96,166,86,36,92,118,90,26,108,58,50,94,114,104,62,108,64,80,70,80,136,60,52,64,90,84,62,50,78,122,114,46,90,116,48,100,94,88,118,34,42,92,182,96,116,44,112,88,134,58,138,100,110,114,70,94,82,60,78,78,86,74,120,80,60,88,74,24,62,110,44,62,50,84,110,40,68,102,138,142,168,40,82,60,54,152,90,84,120,86,100,72,96,78,82,80,56,78,44,96,116,98,84,96,38,76,38,132,80,54,104,106,68,64,42,64,66,130,66,92,48,58,70,76,70,86,96,152,96,118,92,84,130,62,122,40,60,138
7,86,72,84,100,100,68,64,80,128,126,58,76,92,40,38,66,60,114,84,110,54,60,68,62,84,94,98,86,58,26,126,124,84,72,92,156,120,114,56,78,36,100,32,158,106,76,72,100,140,112,96,70,156,58,62,124,106,80,72,104,72,102,84,126,146,32,64,104,72,48,50,104,68,78,64,114,62,118,86,70,50,178,38,94,100,80,100,124,150,90,104,126,112,38,64,82,72,88,132,64,120,86,136,66,76,130,38,26,84,92,62,112,74,100,122,60,108,38,118,38,138,68,116,138,78,92,160,78,78,104,38,96,72,80,84,82,64,76,68,146,78,102,54,66,114,78,86,74,76,78,70,60,124,68,78,106,78,104,126,120,36,132,72,124,60,30,88,80,88,38,52,80,82,100,90,64,110,76,92,90,72,78,102,76,50,60,106,86,130,58,50,136,114,34,76,108,42,56,66,108,158,40,46,96,156,92,162,110,40,136,112,90,110,90,104,78,78,146,84,90,68,48,58,90,210,124,62,108,64,24,76,104,38,74,52,84,130,44,106,120,86,130,130,70,90,52,98,98,110,96,64,82,124,102,96,134,110,112,86,56,88,144,90,112,114,132,36,72,74,166,42,58,108,76,36,48,62,120,98,116,58,88,76,52,86,88,48,122,80,134,98,106,144,96,138,80,150,38,80,96
7,66,58,84,154,44,76,100,82,80,90,104,114,32,70,52,36,66,138,62,74,80,48,50,84,106,116,134,84,76,34,114,70,86,100,98,114,44,78,68,52,16,94,40,158,80,70,50,92,118,100,96,118,140,24,72,112,34,130,102,90,40,60,92,46,114,34,52,70,108,40,18,142,76,88,64,78,50,108,64,72,40,148,66,88,58,60,50,114,124,110,80,86,132,44,66,68,34,94,116,52,84,118,164,62,134,104,60,54,58,56,66,166,52,72,104,80,104,46,126,60,134,74,64,76,66,50,94,98,86,106,38,80,86,60,154,98,36,86,112,94,48,60,74,72,90,120,86,126,44,82,58,66,114,72,82,126,92,106,112,120,70,84,94,176,62,34,80,102,86,14,82,90,42,94,114,114,64,82,84,60,94,58,88,74,52,88,94,50,90,46,56,140,114,56,76,76,60,34,54,108,112,46,106,60,164,158,114,76,86,82,152,74,76,102,70,110,56,74,68,72,100,88,68,68,130,88,48,68,36,14,90,90,48,58,52,78,94,42,70,90,94,104,156,68,76,50,68,80,82,116,88,54,136,116,60,80,118,104,86,128,104,120,98,82,56,74,52,108,54,120,32,84,96,66,54,52,88,86,88,136,76,106,58,40,74,78,44,136,86,138,94,122,80,58,92,56,112,58,118,98
7,98,48,70,94,66,88,70,74,78,50,104,82,88,30,32,46,60,106,68,94,126,62,46,132,96,92,82,112,60,38,94,96,90,78,68,118,96,100,94,80,24,84,54,136,100,60,70,100,150,110,86,86,150,74,88,94,80,114,98,110,58,86,86,104,110,30,84,82,58,50,22,134,86,104,56,94,26,88,42,82,62,192,72,68,70,48,120,96,110,60,92,114,156,40,46,60,48,92,100,78,160,78,94,50,184,102,68,94,64,88,56,140,62,50,76,52,90,82,102,42,150,56,70,88,70,134,106,82,76,136,46,120,110,86,94,98,44,106,108,90,70,94,48,76,104,80,90,90,52,92,88,76,132,98,62,58,84,128,94,122,62,160,92,170,72,46,76,90,106,30,92,64,54,134,106,72,80,120,92,56,78,112,116,78,60,60,84,64,64,36,52,98,112,88,108,108,50,40,84,90,132,66,52,62,198,110,148,122,72,74,160,66,90,92,106,64,74,68,68,98,104,52,50,100,198,76,88,122,90,22,54,104,60,78,64,76,80,14,92,86,124,106,126,44,102,48,58,104,90,84,62,66,122,78,108,108,76,92,66,108,82,120,114,104,78,120,40,74,90,128,52,68,152,70,58,80,62,94,88,134,88,80,62,34,72,104,26,94,54,122,128,118,138,80,158,76,124,44,46,90
7,94,80,110,104,96,110,82,70,68,60,90,100,112,42,46,64,76,126,74,114,92,58,76,74,92,114,94,34,86,36,140,118,76,84,86,122,106,122,80,78,40,80,78,90,114,72,42,54,102,104,98,100,112,66,102,114,40,138,100,136,86,112,88,100,78,48,50,110,58,22,30,78,62,114,64,72,46,92,70,66,54,168,48,108,62,36,100,102,114,108,78,90,104,16,52,62,48,94,116,62,118,84,138,72,118,122,54,26,52,88,56,120,48,74,142,70,98,34,78,24,84,74,80,88,64,98,98,98,40,110,50,84,94,52,122,86,60,92,138,76,48,86,40,60,164,58,84,104,78,96,76,80,118,100,82,94,90,124,152,132,92,144,128,156,42,36,90,80,96,38,108,78,56,108,106,68,66,78,72,116,60,62,96,62,36,78,142,58,64,94,60,132,118,36,94,72,52,70,48,72,120,44,66,84,154,142,126,80,78,160,130,38,104,94,54,74,66,108,122,62,80,58,60,54,192,78,46,66,56,32,136,82,40,76,82,62,114,72,72,66,86,64,158,90,100,80,86,46,148,120,68,94,114,86,68,74,80,114,86,76,56,104,112,84,106,80,58,86,88,142,38,72,110,78,50,70,70,124,88,136,84,86,124,44,88,78,30,118,54,118,114,108,90,106,170,32,168,46,90,46
7,80,72,62,146,84,98,62,116,82,98,114,122,106,16,48,72,56,124,44,162,76,36,122,64,104,84,56,108,58,92,162,104,92,138,70,148,86,166,34,26,44,78,64,112,80,68,38,90,70,70,72,76,180,82,96,108,50,136,116,104,50,98,156,126,110,46,74,90,100,26,18,100,50,66,58,54,42,68,68,60,26,198,94,78,122,56,66,72,128,94,120,90,106,56,28,76,70,86,102,100,132,116,126,34,152,152,62,22,90,96,42,114,28,84,98,72,120,96,132,100,94,90,44,80,106,58,124,84,74,156,32,48,104,108,94,62,106,96,104,102,68,124,64,30,124,114,66,140,82,84,80,56,116,118,94,110,96,80,114,132,44,110,112,132,68,50,94,82,76,58,94,88,44,142,104,48,66,48,96,40,44,92,132,68,44,48,104,68,60,84,56,140,134,42,52,96,60,46,50,52,94,28,112,84,124,128,96,106,64,166,136,78,84,110,68,86,72,82,84,104,108,98,54,34,130,64,60,64,48,28,84,88,52,56,50,92,92,58,60,82,70,94,154,56,134,50,58,114,152,106,90,124,128,120,82,106,74,92,94,78,58,146,94,108,74,148,40,64,60,170,34,118,92,98,42,96,66,94,58,122,68,96,104,50,78,62,40,110,36,108,100,100,64,118,138,54,160,34,80,70
7,108,76,84,116,98,98,108,74,100,92,96,96,70,24,20,52,54,132,48,148,70,76,106,66,104,142,118,60,36,44,100,126,84,50,98,132,62,100,52,70,70,62,56,106,94,72,48,76,128,96,86,62,80,46,66,110,24,110,76,100,62,76,90,102,130,62,48,136,66,54,42,84,90,122,26,110,46,106,54,66,32,208,66,106,62,60,110,138,138,84,128,106,80,38,38,58,40,68,126,88,114,116,130,48,158,160,48,30,48,98,64,138,118,70,132,60,156,58,106,30,86,72,130,80,60,76,122,86,84,118,42,84,82,94,88,44,44,70,130,106,50,88,24,56,108,98,58,86,52,74,66,44,108,86,56,94,92,126,148,154,64,128,122,164,76,36,50,126,78,58,58,70,46,94,82,44,86,64,112,76,52,82,134,82,58,74,78,70,88,50,84,144,142,72,90,102,64,46,62,100,106,42,50,72,140,128,90,82,54,112,74,62,104,112,94,58,56,88,68,108,66,64,42,46,168,114,58,70,48,28,86,112,50,94,54,70,50,24,78,98,106,116,176,56,108,58,36,116,84,74,108,120,102,86,78,108,72,76,88,88,92,92,158,62,100,128,54,52,26,168,48,40,154,100,92,82,60,76,78,148,82,52,68,40,78,50,24,82,78,116,108,94,70,80,102,54,140,62,86,104
7,84,64,84,118,58,106,72,54,120,96,88,112,52,38,52,48,84,102,70,134,148,28,84,112,128,104,64,76,60,66,102,112,70,86,68,130,60,122,76,38,58,76,34,120,88,48,40,128,130,112,82,78,130,92,52,128,54,114,122,92,52,66,108,88,88,66,118,70,90,34,22,108,40,86,84,160,68,138,88,80,64,136,70,96,88,30,110,116,86,70,136,96,114,44,66,38,42,72,116,70,78,102,164,58,106,146,100,50,26,64,100,132,48,68,100,64,84,56,130,42,100,58,58,80,122,122,106,100,72,102,56,70,86,118,80,92,70,102,114,90,70,80,40,82,92,100,70,136,110,68,60,92,130,78,110,110,126,116,126,108,46,130,94,136,54,18,70,102,112,44,102,58,56,104,94,74,124,82,100,58,70,80,144,78,48,100,118,48,64,90,74,112,110,52,70,70,80,96,102,98,142,66,50,82,138,128,126,122,78,110,144,44,92,74,76,78,82,92,76,58,110,56,110,76,144,86,34,50,34,24,86,110,32,58,44,96,90,72,96,104,76,116,104,66,78,56,72,106,76,110,108,60,130,110,108,106,114,116,82,84,40,102,98,100,90,112,76,78,54,158,42,60,114,80,102,42,48,94,80,128,96,102,92,36,102,64,32,68,98,122,124,138,90,60,148,86,152,56,90,108
7,82,88,110,140,64,126,44,68,80,60,58,82,72,42,48,50,70,126,52,110,94,50,72,88,128,110,88,66,66,38,74,120,88,60,86,110,62,148,42,64,48,90,58,114,90,60,22,132,142,92,82,86,156,62,74,102,36,146,118,88,22,98,98,130,94,44,44,108,56,56,30,80,36,98,56,124,28,92,62,42,72,180,50,88,70,74,112,128,132,56,122,56,132,24,60,80,46,82,142,52,96,100,142,90,186,120,64,54,46,80,118,126,52,48,66,64,132,36,118,36,112,68,92,74,78,96,120,130,62,126,66,132,84,104,106,62,52,92,118,110,52,128,42,68,90,112,78,104,62,84,58,62,174,86,66,98,110,80,78,114,32,108,74,194,90,42,94,62,72,36,86,78,60,80,146,54,92,48,86,74,42,84,96,86,70,86,84,88,88,60,84,114,110,48,104,90,48,18,36,80,146,48,54,86,114,104,134,72,68,70,148,50,104,110,84,88,40,84,72,94,98,74,60,66,160,102,86,98,82,14,88,100,28,62,46,70,122,28,52,62,108,102,146,72,108,76,80,94,118,90,70,84,98,94,90,60,74,164,80,80,44,144,124,110,98,90,42,88,64,164,44,34,106,110,108,70,46,86,58,128,72,78,76,102,88,64,46,132,86,132,114,124,92,72,138,52,116,44,78,78
7,106,72,82,132,96,102,78,74,80,108,88,116,100,22,16,78,66,104,72,114,76,86,76,62,110,176,102,74,88,32,86,124,68,46,80,110,66,120,106,44,72,106,56,130,76,94,50,102,66,106,104,76,64,54,96,164,58,100,110,92,50,66,106,74,82,22,70,112,72,34,28,66,64,102,32,110,62,84,84,82,68,156,32,94,36,44,120,102,138,100,104,98,144,72,40,72,52,78,104,50,100,76,168,74,92,104,86,28,60,46,30,108,124,100,118,62,88,30,122,48,88,76,94,90,42,124,126,60,72,156,54,104,110,62,126,86,62,114,84,92,40,74,48,58,106,66,84,76,68,68,62,70,152,82,42,88,84,86,122,142,38,122,82,130,46,22,44,104,144,38,116,64,84,130,66,58,100,84,124,70,34,70,104,68,38,50,94,60,98,74,104,106,104,44,96,114,72,70,70,70,110,54,30,80,172,126,154,76,48,78,124,52,96,106,144,76,46,98,96,120,64,70,70,72,84,88,76,106,62,22,64,98,38,62,60,112,124,56,118,92,70,152,174,52,114,54,68,76,110,90,96,104,76,116,116,94,130,124,92,106,86,98,104,126,46,102,94,104,50,92,30,52,130,106,62,46,64,80,98,110,84,82,52,32,56,46,30,54,78,118,122,110,74,118,90,52,118,56,70,72
7,62,64,60,74,90,104,90,66,72,78,138,102,70,56,54,58,60,82,34,96,62,62,64,64,148,96,138,120,90,30,96,76,80,70,84,96,90,158,62,62,18,104,46,102,108,66,32,84,102,112,156,84,130,68,48,124,46,122,90,96,58,90,74,82,70,52,42,46,98,34,56,110,74,76,94,76,62,94,70,42,38,176,82,84,54,38,90,128,94,74,98,88,126,26,42,64,36,76,154,76,122,70,126,34,134,146,74,42,60,70,84,86,56,86,114,50,116,66,78,56,78,60,76,72,70,90,68,90,92,130,28,94,100,62,86,86,62,72,82,98,78,96,44,72,88,108,50,144,66,78,96,46,124,100,106,70,98,70,100,110,52,116,116,142,56,30,52,58,98,36,50,70,42,140,122,48,56,80,74,40,66,72,126,72,54,100,102,58,98,48,80,74,162,32,84,142,34,78,86,80,84,46,80,82,102,130,102,150,60,98,132,48,100,72,82,70,48,64,50,104,80,38,86,40,126,78,56,72,28,28,70,108,46,84,64,92,106,40,76,84,82,174,178,40,114,76,86,74,76,96,74,100,92,64,50,88,56,86,78,114,74,116,122,66,64,124,40,48,68,132,24,52,144,88,30,52,58,76,52,120,52,114,66,60,64,54,26,114,50,114,120,102,72,74,154,30,136,52,126,56
7,42,92,84,160,64,136,110,50,88,58,48,106,54,60,32,84,60,120,74,108,136,100,74,68,106,106,102,116,60,26,112,88,114,72,102,114,88,116,52,26,30,54,68,130,96,42,24,80,120,66,82,70,110,62,88,124,56,98,96,64,52,92,58,76,90,52,56,82,84,26,28,128,68,34,84,96,56,68,76,92,44,126,68,78,42,40,110,146,92,86,84,94,122,34,42,62,64,82,150,76,138,104,118,66,136,110,60,56,78,76,64,124,72,84,110,98,124,70,84,64,102,114,64,82,58,52,134,86,78,106,32,66,118,136,142,80,50,84,104,102,36,78,44,50,84,68,120,132,46,48,82,80,78,116,82,62,98,124,78,116,52,118,120,128,32,48,74,72,110,34,60,70,60,80,106,46,84,116,96,84,50,74,134,88,54,48,108,72,76,74,70,90,112,38,80,86,48,68,66,80,142,48,78,88,146,80,110,96,34,80,84,40,128,106,74,92,54,66,118,148,64,88,76,10,172,48,46,82,26,34,50,82,34,62,50,104,110,38,44,94,80,128,154,38,128,34,94,44,88,96,84,112,84,64,108,118,82,98,106,94,88,98,102,90,52,110,82,96,94,152,72,46,150,122,66,46,58,78,72,104,66,154,94,68,76,80,48,92,70,106,122,108,86,68,186,52,118,38,68,88
7,122,36,98,138,32,86,114,48,64,72,96,94,78,44,38,76,94,74,68,96,72,58,120,114,94,142,118,62,96,54,98,108,74,84,94,76,74,190,38,68,42,98,46,158,100,74,68,110,106,76,80,76,102,80,124,96,62,84,106,114,36,78,132,64,68,60,48,74,60,38,32,98,64,60,78,90,60,90,80,90,78,136,82,58,110,74,144,134,98,72,132,68,132,64,66,86,52,62,122,38,126,128,132,46,116,130,72,18,62,50,100,82,84,70,86,32,98,58,84,46,122,112,102,96,30,72,106,94,76,104,48,72,100,86,120,64,32,82,90,104,58,94,30,102,136,56,68,106,34,106,72,42,126,70,56,80,100,116,98,110,60,122,108,130,62,22,52,122,68,60,46,44,60,88,104,44,54,86,88,92,34,66,70,38,52,70,104,90,80,64,62,114,96,70,88,96,30,20,58,60,148,52,82,38,82,78,102,64,76,98,108,14,78,104,98,54,102,132,58,100,48,82,100,42,112,76,32,98,50,30,72,100,68,50,38,176,80,28,52,76,92,122,104,84,94,34,98,80,86,90,90,86,138,88,40,40,86,74,76,92,66,146,110,80,56,122,48,68,82,104,32,48,92,66,52,48,82,96,84,104,56,108,62,70,52,66,44,92,56,124,126,112,82,142,106,68,142,20,90,72
7,52,122,118,136,90,120,86,88,80,62,110,64,48,88,44,86,50,128,46,124,70,46,56,58,138,112,96,138,56,68,104,124,70,50,84,108,88,130,54,34,42,76,46,136,74,84,26,114,136,76,108,82,128,76,82,96,38,86,90,58,68,72,70,110,88,62,52,58,58,52,50,96,66,58,84,162,52,106,58,110,22,138,84,80,30,94,76,110,132,70,84,100,172,16,74,72,42,116,124,110,140,88,108,66,134,152,52,16,56,72,84,98,82,66,94,80,80,86,72,46,70,100,68,84,98,98,108,94,82,74,50,92,76,78,128,70,58,84,110,104,90,98,28,46,100,54,102,92,44,94,60,66,128,86,88,106,74,120,96,104,30,104,102,122,74,20,60,86,78,74,62,100,44,144,116,70,64,112,74,72,62,94,98,82,64,44,96,76,64,60,34,102,98,66,62,80,36,60,72,114,126,58,68,52,86,90,132,88,58,52,90,12,72,78,62,64,92,88,58,110,44,66,98,54,134,74,52,70,28,38,74,84,36,68,82,72,134,62,58,94,98,96,96,62,116,44,84,76,88,116,50,88,124,92,64,58,88,74,82,44,64,140,122,112,66,110,68,80,68,116,40,70,126,102,46,50,62,94,80,94,40,114,68,70,114,88,38,102,74,78,132,118,88,70,164,34,128,42,58,68
7,98,70,112,120,60,142,80,102,102,56,56,104,86,66,34,62,76,96,82,114,78,74,72,76,130,90,90,64,50,62,88,136,82,102,54,136,64,122,42,52,58,54,52,110,84,66,44,56,98,132,62,74,178,72,84,138,84,112,104,56,14,102,100,78,138,38,42,62,66,72,20,94,62,74,62,102,56,100,56,62,66,122,92,52,72,74,128,128,104,68,106,106,122,68,50,74,48,62,116,76,88,78,166,52,124,114,54,44,64,68,66,120,48,50,116,78,126,44,84,80,84,128,70,62,86,92,136,84,56,106,36,66,108,84,112,80,72,74,72,102,56,102,80,86,150,46,78,98,70,92,74,74,142,86,82,84,56,70,74,108,54,178,78,96,86,38,82,100,112,46,72,116,88,76,156,74,78,76,84,84,74,84,130,44,52,80,82,92,68,30,64,116,108,58,72,98,82,68,92,88,110,52,48,46,132,112,140,104,82,120,128,58,90,52,94,88,50,58,74,126,48,92,92,44,158,82,28,84,42,22,80,98,46,34,82,114,88,82,54,36,76,136,110,44,86,52,98,66,56,90,90,104,138,92,74,70,74,124,74,84,50,106,100,78,80,144,74,58,76,88,46,58,104,70,66,54,48,84,80,114,48,106,54,66,54,102,40,102,50,98,136,132,82,88,182,78,160,36,62,68
7,102,48,60,118,86,120,116,86,86,54,94,136,46,58,40,86,80,52,78,118,52,58,82,72,130,148,80,68,124,64,128,76,52,86,56,138,76,136,38,42,42,92,32,90,60,78,40,88,104,118,104,96,128,110,68,100,36,114,86,70,64,78,82,84,66,36,88,94,94,36,54,138,44,74,62,116,70,118,92,104,48,174,96,62,60,74,56,138,102,58,76,138,158,20,82,86,44,78,112,56,114,74,118,34,144,100,40,42,70,100,92,80,74,72,98,46,62,42,88,70,72,94,64,116,74,104,98,102,88,122,62,72,106,96,128,60,56,110,94,82,56,104,26,66,90,60,96,88,50,94,70,104,108,104,96,100,84,102,142,90,48,118,120,138,32,10,60,68,110,36,44,82,56,114,108,42,74,84,96,70,72,110,84,48,46,74,84,44,82,64,46,86,104,70,106,48,50,62,72,128,146,94,44,52,88,88,106,52,66,112,62,38,82,68,80,84,70,76,104,66,80,66,52,46,110,54,46,124,64,40,112,110,54,32,54,102,110,50,52,98,68,114,126,60,68,34,110,100,72,102,84,102,98,64,114,86,70,108,52,98,62,114,86,78,74,112,44,56,56,90,26,76,84,68,88,46,48,82,66,112,120,116,64,76,48,86,24,96,44,70,128,108,150,92,192,54,182,36,88,74
7,74,54,72,66,104,38,78,82,86,58,162,68,64,62,78,116,120,118,130,92,104,98,34,56,52,30,56,122,66,100,74,126,46,160,72,42,50,36,64,80,138,98,100,116,50,130,56,44,36,100,54,66,58,70,84,96,102,96,140,20,120,108,108,80,96,112,68,78,114,72,50,72,88,78,66,74,110,56,104,48,46,104,122,72,66,108,98,124,112,52,118,94,132,48,6,90,88,116,20,68,94,46,120,106,94,56,154,82,62,88,56,96,48,62,92,74,48,70,56,66,136,146,84,78,84,42,50,76,80,76,44,68,66,120,142,134,116,50,98,104,48,78,82,58,58,54,72,56,92,80,80,70,86,144,78,60,96,48,28,78,130,48,30,72,82,80,48,60,50,96,88,162,68,84,40,90,64,56,130,72,76,90,98,58,92,80,108,106,74,72,86,116,134,76,102,52,84,92,118,28,76,146,128,74,60,32,64,86,86,68,130,76,84,72,82,16,136,44,86,120,92,86,56,178,44,164,36,76,86,10,0,50,52,76,168,46,136,150,50,90,66,106,114,72,82,30,66,74,116,24,144,66,68,70,46,132,102,90,70,94,74,152,114,84,90,52,94,48,96,66,52,46,72,36,66,72,48,20,58,88,106,110,100,100,84,72,56,54,88,116,54,36,64,66,72,96,46,54,124,72
7,88,100,76,106,114,104,100,68,98,80,52,98,72,34,14,30,52,84,50,90,112,50,68,70,100,100,66,114,52,38,100,88,76,92,122,96,60,82,36,66,34,70,54,150,84,44,10,84,96,92,56,72,118,146,102,104,44,114,84,116,72,72,58,104,76,44,62,110,94,30,32,96,38,100,58,88,42,62,92,68,30,168,82,96,42,60,112,142,100,66,98,66,90,52,52,96,38,100,138,104,126,98,66,68,154,82,56,38,76,50,48,112,88,84,94,44,88,98,98,42,118,106,52,118,94,80,116,110,76,104,44,72,122,74,60,76,50,60,116,108,52,92,72,38,88,68,60,110,106,90,114,50,124,80,56,78,80,122,60,122,68,108,84,180,94,38,76,84,82,40,66,80,48,100,114,64,78,86,54,60,52,68,92,92,66,58,94,64,58,64,96,92,80,80,70,94,60,92,64,96,128,86,28,64,138,112,100,94,32,82,132,34,92,84,70,76,56,88,52,74,84,58,44,30,120,100,70,90,20,36,98,108,48,62,54,112,68,16,92,46,78,106,176,64,108,52,44,102,128,86,88,116,102,90,56,90,86,84,52,118,44,88,130,114,90,96,66,54,64,138,70,76,126,104,40,52,68,44,66,124,84,72,68,48,40,102,34,88,86,60,100,122,86,74,168,64,152,46,56,52
7,76,86,58,96,64,96,80,84,60,72,106,94,104,32,70,38,64,92,70,124,116,80,94,88,114,158,76,100,52,50,110,134,66,64,94,86,54,142,30,64,58,46,64,152,96,52,28,94,76,66,100,110,122,96,88,142,64,92,92,62,52,96,134,86,64,44,42,74,108,78,58,110,40,88,68,98,62,78,70,112,50,154,86,44,48,68,96,102,122,78,136,108,118,40,54,84,58,56,88,68,122,102,124,66,132,106,62,38,52,76,76,112,72,68,122,66,120,84,82,68,96,72,94,68,64,62,108,84,54,98,74,84,94,38,106,74,62,128,110,86,42,82,74,64,76,94,62,78,90,98,56,76,126,102,86,94,108,92,90,114,54,80,94,160,50,42,62,76,72,66,50,32,52,90,78,58,98,80,86,86,50,106,94,44,44,86,130,74,92,62,70,160,76,54,110,70,56,50,78,62,136,54,40,52,112,86,114,108,76,110,106,24,74,76,58,64,70,78,60,70,72,86,62,56,134,96,52,104,60,88,140,94,60,70,54,102,146,48,60,42,78,110,148,50,84,22,88,94,66,86,52,90,90,90,46,70,60,108,84,102,76,124,100,116,84,140,80,90,46,80,78,90,142,74,64,58,94,82,60,116,66,92,86,42,92,46,38,78,86,114,88,118,106,112,94,100,150,40,70,82
7,78,56,72,112,60,150,48,80,68,104,124,62,106,60,52,80,76,58,68,104,64,44,88,68,98,118,56,118,66,52,76,86,68,70,78,84,118,134,42,66,32,52,60,102,74,62,46,98,66,98,94,88,190,52,68,104,84,92,94,82,28,64,124,86,88,60,44,110,76,74,32,74,72,100,36,110,70,68,52,74,58,224,66,92,80,62,114,104,94,68,130,98,132,40,58,80,40,76,88,96,138,100,106,26,132,106,40,42,58,68,70,110,64,114,96,54,112,46,78,74,130,70,76,70,66,62,110,60,76,98,34,112,98,60,116,62,80,50,126,110,70,102,54,56,96,84,50,94,58,80,98,62,98,88,56,78,128,82,134,54,66,126,102,122,48,30,58,100,90,46,50,80,32,76,128,76,66,76,70,68,82,88,108,66,44,36,86,76,50,82,76,90,86,84,94,62,70,38,80,102,114,62,56,78,152,100,130,72,52,104,82,38,100,82,80,82,58,56,128,68,70,60,106,70,94,58,62,96,50,48,94,86,66,26,58,90,100,74,44,74,88,102,160,32,76,38,90,54,114,100,114,72,62,96,50,74,80,78,72,118,68,144,94,112,76,120,48,74,74,98,40,38,112,76,48,84,50,70,94,86,62,90,74,40,84,50,46,100,84,120,110,80,82,110,100,84,114,48,106,84
7,48,118,88,94,110,114,62,86,48,72,86,104,100,98,22,60,52,112,100,84,128,66,58,62,160,68,116,106,64,20,80,108,66,104,74,86,60,116,40,52,58,82,60,90,98,70,20,60,138,86,62,74,150,58,64,84,34,80,80,120,50,76,52,120,88,44,60,100,68,26,52,72,58,78,68,126,66,86,66,66,32,174,58,72,118,44,122,116,110,78,112,108,96,24,64,62,52,80,140,104,118,78,132,38,120,122,54,26,74,72,68,102,70,76,98,70,142,64,94,26,58,120,50,124,94,104,96,100,78,104,46,66,74,52,106,90,60,48,140,78,62,84,48,104,94,58,70,128,40,112,76,46,138,64,70,88,92,84,90,90,72,110,114,132,52,42,74,70,86,58,110,114,18,92,118,94,80,78,84,58,56,66,100,40,76,56,108,76,66,66,60,106,116,20,108,76,38,64,70,72,142,42,32,56,170,128,122,96,58,128,110,44,64,100,88,90,52,56,66,60,48,64,80,54,116,68,48,78,26,20,106,124,42,82,98,68,68,42,94,76,124,106,180,32,74,70,48,102,98,106,114,110,102,118,86,110,76,122,78,126,106,136,66,72,52,150,52,62,76,96,46,62,146,66,72,54,46,78,92,112,74,100,76,46,78,88,20,82,80,102,112,110,82,74,140,52,148,60,82,122
7,90,60,90,138,28,130,78,68,74,94,98,78,90,40,52,60,114,106,72,90,106,36,132,66,132,88,86,102,86,68,106,70,60,88,82,122,82,102,38,36,24,48,72,128,92,118,42,102,124,80,82,82,138,52,92,150,60,70,122,52,80,104,94,90,84,48,52,96,60,30,58,74,42,100,56,82,38,94,98,88,46,128,70,70,72,40,94,116,132,88,102,100,152,36,56,62,36,58,112,70,130,136,122,86,170,90,54,14,46,40,120,106,64,118,162,54,108,58,44,46,78,80,66,58,50,88,108,106,74,102,52,106,100,42,128,100,60,86,110,96,78,116,48,76,82,46,72,60,102,152,114,70,118,100,50,72,100,116,116,142,68,110,76,142,66,22,60,134,110,76,68,74,58,78,90,80,76,66,86,70,52,100,116,74,38,58,88,58,108,60,42,114,92,56,124,80,32,42,84,90,86,70,72,58,148,126,106,58,58,100,96,48,70,72,58,74,100,80,128,82,44,74,68,56,176,62,84,94,54,86,84,156,30,68,78,100,112,52,24,36,74,100,134,32,88,60,90,52,96,90,140,164,108,54,88,56,70,86,44,64,80,106,114,120,84,114,66,110,104,96,50,52,128,76,36,58,88,80,82,102,66,108,86,50,68,104,38,94,68,112,126,80,82,100,102,92,158,14,100,98
7,30,58,90,140,88,116,108,88,90,104,134,98,106,48,18,30,64,94,80,70,42,68,76,64,128,102,56,72,48,86,156,110,78,114,76,102,76,168,60,78,42,90,46,110,86,72,40,78,128,66,78,86,146,78,66,114,48,98,84,78,58,88,122,66,100,40,46,84,70,22,28,102,28,74,72,86,74,80,58,96,52,138,136,68,46,26,108,168,138,50,100,116,140,42,66,38,94,66,152,48,110,78,138,34,138,92,50,82,30,52,66,110,78,76,88,104,80,70,44,42,90,84,84,96,38,86,102,92,70,138,50,68,76,78,96,96,66,100,76,88,58,100,62,114,142,58,78,108,50,68,44,110,136,114,68,90,68,128,112,90,66,112,66,132,66,66,92,88,76,32,82,80,52,116,112,94,72,122,44,56,40,66,90,108,80,104,60,116,68,68,74,76,78,70,112,98,24,36,62,94,120,52,46,30,150,100,122,100,50,134,106,98,96,66,78,92,40,76,86,128,84,86,60,32,122,76,36,82,56,32,56,98,38,74,40,90,96,76,48,56,94,158,130,64,76,56,92,104,98,86,78,102,122,52,82,74,126,104,68,78,74,130,126,106,76,100,66,46,76,118,78,46,156,104,56,60,58,110,52,118,54,42,96,40,98,90,50,92,62,154,144,120,86,64,92,84,124,46,98,76
7,94,58,74,82,74,84,88,70,78,112,90,112,90,56,30,58,100,86,64,82,76,42,80,72,120,138,100,126,74,42,120,100,136,82,68,138,108,112,54,66,68,28,48,94,96,88,36,66,78,88,96,72,130,92,120,86,40,128,94,118,58,64,112,112,92,42,48,124,76,36,54,112,40,90,40,128,58,114,52,76,52,130,102,64,86,46,70,98,128,48,118,78,140,56,62,82,28,88,138,44,126,86,128,58,134,126,62,30,74,58,100,120,68,50,86,52,130,62,134,66,108,104,104,58,44,72,108,110,96,100,92,64,130,86,96,112,66,110,82,76,58,114,50,102,84,70,86,118,56,134,58,84,108,78,70,66,70,76,82,92,48,88,100,144,38,28,58,98,100,24,66,124,32,96,130,70,82,82,72,74,48,72,102,68,84,74,96,44,58,60,74,94,114,66,100,72,62,68,64,64,154,64,74,78,116,104,124,80,84,118,102,46,94,94,68,90,56,70,52,40,56,78,78,28,116,78,58,88,44,60,56,136,40,58,70,112,84,82,84,72,86,122,144,82,120,56,68,60,68,118,114,96,114,66,66,82,84,118,56,128,82,106,136,118,80,118,60,92,102,94,44,44,164,68,54,46,62,80,104,116,62,122,132,54,72,66,38,82,80,90,140,94,82,136,114,50,154,32,88,74
7,98,78,66,112,56,148,96,68,52,70,104,98,80,54,26,34,74,132,92,96,84,78,100,52,98,136,104,54,60,56,98,72,60,68,88,116,72,128,72,64,48,76,44,80,116,62,46,88,126,84,90,86,78,40,76,160,62,114,100,72,16,102,88,90,118,98,46,114,44,34,40,88,46,82,68,120,78,156,88,78,68,200,140,70,68,56,68,116,120,92,114,90,136,62,36,126,52,54,142,60,106,120,108,48,146,108,62,46,78,62,56,88,46,72,92,58,130,60,116,64,76,78,60,92,94,114,84,120,114,114,60,88,110,54,128,56,42,58,98,88,72,106,60,70,108,58,92,110,52,98,92,54,126,74,58,74,102,110,98,120,60,102,88,136,56,12,70,72,112,38,58,72,60,80,104,54,54,96,78,52,46,118,140,64,54,66,90,70,110,64,70,92,128,58,72,76,62,58,86,96,134,52,52,44,146,104,106,114,50,110,94,58,112,66,116,94,42,76,72,86,56,66,56,70,168,62,86,118,74,42,76,108,34,50,56,110,148,52,60,56,92,146,128,52,88,38,54,88,86,98,116,116,122,110,90,48,66,100,98,114,88,120,132,92,70,98,26,90,82,138,44,46,122,80,56,62,88,76,64,108,70,118,70,70,46,56,42,88,48,92,102,68,84,106,128,64,102,30,70,80
7,62,54,110,116,88,142,106,58,68,84,80,76,62,28,56,68,78,144,80,126,68,64,110,62,126,122,58,124,64,46,108,82,70,64,76,136,82,110,50,80,52,50,40,106,86,84,44,118,68,86,146,74,152,52,116,120,12,108,72,68,42,102,100,80,124,56,44,84,108,44,40,72,64,96,36,102,42,116,80,54,78,150,92,56,56,48,98,118,132,64,164,116,130,46,58,90,32,54,88,74,128,98,148,70,130,124,110,34,42,62,52,128,84,114,106,80,112,58,78,72,106,84,74,102,50,120,100,74,82,108,58,64,100,68,104,84,56,80,86,108,90,84,54,86,120,70,52,82,58,92,78,80,136,70,80,88,98,94,96,102,54,104,86,158,44,46,74,112,150,40,78,94,78,66,100,74,68,126,84,94,38,116,118,62,48,54,78,88,72,42,68,104,92,68,120,108,50,40,64,104,96,54,76,78,102,94,118,94,54,98,114,40,100,68,70,96,42,94,76,92,74,50,144,28,150,60,34,82,40,20,118,84,86,60,78,134,140,32,68,100,66,124,136,58,96,46,66,80,112,86,86,146,102,84,66,46,66,132,66,86,72,96,122,84,56,116,52,52,68,108,58,58,106,98,64,50,94,100,62,138,60,78,72,92,72,74,16,104,120,100,110,108,126,76,132,52,174,30,92,56
7,94,88,68,124,82,98,86,80,106,66,98,56,100,40,70,64,70,94,102,104,86,54,86,78,100,84,78,112,72,50,92,108,74,84,92,142,70,132,52,82,32,50,42,116,128,56,72,68,114,156,106,102,102,62,114,152,58,98,88,106,52,70,66,88,116,68,58,114,78,68,30,94,70,76,56,110,48,96,50,108,42,140,78,78,64,54,90,122,102,90,72,86,84,54,52,84,64,86,106,82,102,96,116,84,194,66,132,34,52,100,90,128,74,60,118,70,104,104,92,104,142,114,104,94,50,72,120,70,66,142,34,72,88,76,122,82,80,122,66,96,78,76,50,108,68,60,50,108,64,168,108,70,122,98,76,60,116,98,124,96,34,90,88,134,48,26,84,112,102,40,44,78,52,136,82,80,64,80,82,58,86,64,112,54,62,86,86,52,74,52,44,90,156,58,108,98,66,62,70,74,100,36,64,62,100,162,100,110,80,94,114,64,110,130,50,92,56,76,66,126,78,52,68,78,174,92,62,46,64,20,86,132,48,56,52,110,106,58,48,56,104,162,180,26,98,82,74,82,82,100,76,92,110,80,82,96,92,88,66,138,48,120,108,94,76,126,96,66,64,116,36,94,108,112,72,98,56,90,90,98,70,84,92,54,100,90,10,64,48,112,130,92,128,66,120,46,168,28,60,74
7,86,62,84,136,86,148,92,58,84,82,102,106,92,50,36,50,62,102,62,90,74,70,64,100,120,104,92,72,70,40,110,112,42,122,112,108,54,110,72,76,18,62,44,66,82,62,22,66,98,76,82,58,114,80,92,94,62,124,90,86,72,70,54,162,94,46,58,102,80,58,48,114,52,102,62,70,36,82,96,98,72,156,100,116,66,74,84,116,104,104,122,94,154,52,64,72,70,64,104,40,144,72,180,54,112,124,72,54,54,94,90,98,82,70,140,58,76,78,62,62,104,124,60,78,74,64,100,114,92,170,94,72,84,92,170,108,56,106,90,68,94,122,52,76,114,90,48,114,96,74,90,50,102,84,70,92,78,154,66,142,54,118,54,162,60,38,60,98,108,52,90,132,62,142,130,44,100,86,86,48,64,96,80,68,24,74,80,62,66,54,58,136,124,52,114,106,62,44,46,86,106,74,74,64,120,100,68,76,46,120,134,76,140,90,52,112,48,80,66,90,64,44,50,48,140,50,72,106,48,50,110,98,68,58,56,120,96,58,84,46,92,68,160,46,88,102,76,68,74,122,80,108,96,66,82,72,78,58,98,70,80,106,110,126,80,94,66,54,64,114,56,56,170,78,56,76,70,102,80,102,86,110,88,84,74,70,46,96,86,72,114,128,98,78,142,70,108,34,74,100
7,44,92,76,102,86,112,80,82,106,60,102,98,76,96,30,40,54,84,38,86,86,30,86,72,120,116,100,114,48,22,116,52,88,70,58,150,68,116,70,68,56,46,44,86,44,94,20,58,150,54,72,88,168,86,88,126,60,124,114,92,52,114,82,82,96,78,24,134,78,70,28,158,40,60,104,102,80,62,86,42,56,100,108,80,62,104,68,138,116,88,96,88,136,42,50,94,42,50,124,64,114,108,134,76,124,156,56,14,54,78,92,82,50,92,110,90,110,44,110,68,82,122,72,66,56,72,102,96,54,120,44,46,68,112,90,74,54,104,92,80,62,72,64,58,72,60,88,116,58,60,80,54,114,92,70,90,88,104,126,120,36,112,104,164,34,34,70,82,112,54,96,68,36,92,82,76,110,66,68,36,48,92,84,56,38,76,78,56,50,80,74,120,88,54,104,84,54,50,56,72,108,50,68,66,132,126,140,86,64,150,128,32,74,100,74,60,82,74,44,86,80,54,56,72,130,54,50,98,40,44,106,98,50,70,78,94,114,88,14,70,84,112,140,68,114,32,78,80,98,96,86,104,108,78,84,100,58,78,66,70,58,122,148,110,74,108,72,70,20,142,54,68,152,78,78,44,52,58,68,138,62,116,82,60,64,108,20,102,98,90,106,76,94,46,140,64,138,50,102,78
7,88,54,106,136,64,152,116,58,112,84,72,96,50,64,44,48,66,84,44,104,98,32,82,136,118,140,96,102,58,26,124,110,72,86,94,116,72,158,64,70,12,46,24,114,84,70,22,64,124,108,88,92,114,104,58,92,46,128,140,96,42,88,92,130,124,52,44,92,90,38,20,68,52,88,56,126,52,72,126,70,46,140,68,58,80,60,98,138,134,54,64,94,110,34,50,44,86,78,106,104,154,92,98,84,152,78,88,34,44,100,70,80,56,78,130,76,80,72,68,50,92,82,48,80,80,94,128,118,72,92,60,46,62,80,124,70,56,72,80,86,52,68,66,104,88,56,74,118,74,50,122,48,132,92,90,62,118,88,96,104,32,104,84,128,64,36,80,80,84,22,34,78,38,82,116,58,72,58,68,68,82,86,102,110,36,38,86,58,102,106,80,124,106,50,112,48,80,72,56,58,92,38,58,106,124,108,126,74,72,96,120,40,78,76,84,66,56,80,68,74,112,70,52,68,134,70,70,54,46,40,86,148,40,38,48,100,138,80,66,70,98,144,162,38,122,50,92,116,92,98,88,88,74,136,116,78,54,114,90,72,46,96,136,62,104,108,66,68,62,100,30,50,130,88,86,58,66,106,62,138,78,124,60,52,46,80,52,100,88,146,150,88,78,72,138,62,166,30,92,66
7,86,44,110,74,72,128,88,82,82,94,92,150,94,54,12,48,62,84,48,120,72,84,42,84,144,118,92,122,74,62,142,100,46,64,102,148,88,126,24,56,14,54,54,116,124,88,36,62,92,62,106,76,138,60,68,166,54,122,116,106,80,68,82,140,90,44,58,66,84,36,32,122,52,58,76,90,28,66,110,60,42,130,106,84,72,78,126,110,108,46,96,60,146,48,60,70,62,56,106,44,122,88,134,46,136,124,66,42,18,84,80,144,74,64,94,86,92,84,96,50,62,82,76,84,56,52,108,64,104,94,46,76,122,98,88,66,62,80,82,62,84,108,28,102,48,78,62,150,76,70,82,46,152,110,60,90,64,94,114,144,18,140,100,164,70,42,50,86,76,64,72,82,22,120,132,66,114,86,108,60,34,52,122,62,120,44,74,62,76,76,68,82,116,84,88,90,60,64,96,94,130,64,64,102,138,112,80,62,136,160,70,50,120,126,44,74,52,78,60,114,64,62,72,56,158,78,70,54,58,36,114,98,42,84,38,72,94,32,40,90,62,138,132,64,146,68,74,48,126,96,80,84,136,92,70,100,88,68,68,152,30,140,126,86,100,120,46,56,74,98,34,64,96,86,32,76,52,104,82,134,64,74,70,84,86,56,56,70,56,120,80,138,100,108,116,96,134,50,78,58
7,74,48,80,90,60,120,110,82,88,106,122,122,86,68,54,78,82,116,60,92,58,44,46,76,156,102,96,90,46,32,88,102,78,72,84,144,42,118,54,74,54,80,38,98,92,90,32,72,90,136,88,60,140,92,82,106,106,106,142,60,64,94,112,100,100,46,46,70,112,26,66,92,22,56,44,96,18,92,84,86,30,116,42,68,60,26,86,122,130,70,74,84,122,6,44,72,42,62,88,58,152,76,126,78,98,116,80,28,44,90,104,118,38,78,110,64,116,58,86,38,64,86,66,100,60,80,96,92,88,130,42,72,90,92,110,100,58,70,106,96,72,106,60,82,82,62,54,104,44,86,58,40,148,92,70,94,104,112,140,98,50,86,128,146,50,56,122,92,94,34,80,40,32,120,136,70,94,88,86,58,54,60,114,78,60,72,94,54,50,82,56,86,146,50,62,102,60,96,80,66,108,72,42,48,174,66,72,80,62,132,88,28,118,46,70,70,56,78,108,86,74,62,70,62,144,42,44,42,64,64,94,120,84,52,50,128,108,64,30,108,148,124,126,56,80,30,76,96,102,100,52,76,124,118,60,64,100,94,74,84,72,88,92,106,56,122,68,62,72,144,52,36,132,90,60,46,46,94,72,110,68,84,60,86,52,88,60,92,66,82,134,136,100,104,150,48,136,44,52,72
7,70,80,88,124,72,90,100,72,100,82,74,80,74,60,42,30,116,128,50,108,56,34,30,96,142,130,82,104,46,32,142,104,58,50,114,98,68,186,56,58,14,58,30,78,124,64,60,78,80,76,92,90,142,58,64,58,48,100,94,96,52,48,94,104,120,28,30,58,78,44,28,138,42,54,96,84,56,70,74,66,44,140,52,68,82,48,128,98,128,106,92,88,104,28,50,70,60,60,124,56,86,120,126,50,110,120,36,56,56,46,66,138,90,88,78,34,90,64,78,42,74,88,68,66,54,98,100,78,80,130,22,64,80,76,116,70,38,90,108,126,70,100,28,54,86,52,82,126,52,68,74,48,112,92,66,78,86,92,112,130,46,100,108,144,32,36,44,78,82,46,100,68,56,78,98,106,82,68,96,56,56,84,130,96,62,86,72,72,78,68,34,128,82,66,90,88,58,28,64,68,106,84,86,84,126,92,96,68,98,98,128,18,112,86,82,90,46,126,80,120,50,50,74,54,146,84,62,78,40,56,82,92,28,54,76,82,102,52,46,56,74,116,146,34,124,64,80,100,42,100,118,90,70,126,108,58,42,92,106,60,66,96,138,92,96,84,68,80,88,164,44,86,120,82,64,30,84,116,76,112,78,90,90,48,38,100,18,110,42,86,98,88,74,56,152,36,168,22,52,40
7,90,74,64,116,44,88,110,76,54,74,76,110,80,18,44,48,32,112,42,70,90,54,148,126,128,114,74,84,48,34,94,78,58,92,64,138,126,112,36,54,28,52,68,142,80,82,28,98,104,88,84,80,112,94,56,108,80,88,140,78,52,94,56,64,74,58,60,72,58,40,50,52,66,88,52,112,84,72,44,60,70,138,90,56,66,52,74,144,126,110,124,68,90,46,62,92,36,82,108,86,120,108,130,28,152,112,64,32,42,50,126,102,82,72,150,92,112,30,94,40,90,104,64,66,46,58,90,106,90,116,66,78,80,38,126,106,80,70,84,128,62,122,62,76,106,44,74,116,60,74,32,88,84,124,70,74,98,80,130,152,46,122,58,144,28,48,84,136,112,48,40,56,50,96,138,76,50,120,60,50,68,82,80,52,56,54,104,68,72,64,40,88,84,52,100,96,62,58,70,38,116,34,94,90,120,126,84,92,68,110,114,34,124,64,94,112,46,100,56,86,100,68,62,66,114,60,58,66,36,74,98,96,28,66,76,94,160,36,44,64,76,162,146,32,90,76,84,94,90,114,76,116,110,98,58,78,36,92,56,86,100,146,140,70,78,84,66,66,52,104,44,66,110,62,84,88,38,84,38,100,60,90,60,62,58,92,28,92,72,90,84,102,100,92,114,66,184,54,64,98
7,54,46,90,152,60,132,150,80,62,64,64,124,84,48,38,56,80,94,54,90,60,94,84,46,94,98,88,106,80,30,148,118,96,42,88,118,72,104,36,60,20,90,46,136,116,70,56,84,102,90,82,50,132,60,100,128,38,138,100,98,70,60,94,92,98,48,28,98,60,42,50,100,54,68,126,90,32,118,60,82,58,178,72,82,64,52,56,96,142,92,104,94,158,36,80,66,64,80,148,60,110,80,136,44,126,100,30,28,96,70,62,70,44,102,132,74,74,44,70,44,74,98,88,90,92,74,82,88,94,114,74,56,64,64,108,80,40,52,74,62,80,106,74,72,124,70,48,104,64,80,116,50,84,68,74,52,52,102,144,104,68,90,112,180,44,22,86,84,98,60,80,50,46,82,116,74,48,58,88,78,46,76,86,70,68,44,94,80,82,66,58,134,92,80,92,70,38,24,70,54,110,46,92,72,126,78,78,106,96,124,114,20,118,90,64,74,40,60,88,90,40,42,94,48,138,54,44,76,48,40,94,108,64,64,68,124,138,50,66,50,100,138,144,42,114,54,42,66,100,110,118,80,140,80,92,82,62,66,72,116,100,144,130,66,48,80,42,86,86,110,64,30,98,62,104,78,64,82,64,136,60,104,70,40,82,82,40,86,82,96,126,116,114,104,186,70,150,60,102,60
7,66,74,78,116,56,120,162,56,62,62,104,106,64,22,76,36,58,110,92,112,82,42,100,92,98,112,70,80,62,60,100,68,60,116,66,142,94,128,52,62,32,66,74,108,70,52,56,100,88,68,72,68,162,80,110,106,82,108,90,74,50,114,88,78,88,70,62,114,72,42,52,72,64,70,92,90,72,72,94,58,50,124,136,94,80,72,56,122,108,124,120,106,128,36,48,82,66,78,96,56,124,88,132,60,152,106,56,20,34,54,70,102,70,60,112,70,82,38,80,72,110,100,68,112,52,90,128,94,60,100,92,70,104,78,122,74,56,62,152,112,38,80,52,70,58,62,96,80,74,118,118,82,126,82,92,100,132,110,122,146,28,122,62,136,80,22,82,82,80,60,56,80,68,114,132,86,78,62,82,60,62,92,96,88,72,68,96,82,46,60,80,122,84,80,80,86,36,42,74,72,146,70,64,36,148,94,104,112,42,144,110,56,100,108,86,72,68,92,52,96,88,80,70,42,116,112,40,124,38,20,72,102,52,62,88,120,130,40,68,72,96,134,156,52,104,58,66,92,82,128,166,94,116,76,60,122,62,110,66,84,68,134,114,126,74,86,48,58,50,132,50,32,136,70,72,66,46,72,96,126,72,92,58,68,80,78,32,74,92,102,138,48,118,112,164,50,150,62,56,68
7,90,78,104,112,64,88,114,86,96,56,108,116,68,28,58,56,72,100,50,112,74,88,62,60,118,110,60,62,52,28,82,90,54,100,124,138,94,122,22,56,40,80,52,118,54,68,26,76,100,104,96,84,96,86,70,134,104,64,110,92,52,118,50,110,88,70,92,102,44,54,28,118,76,68,54,96,62,84,102,82,64,130,98,66,68,34,116,142,118,114,102,76,80,64,78,76,34,96,104,50,100,98,134,54,140,76,68,28,64,44,90,94,38,58,110,68,82,62,84,34,154,98,82,90,48,68,94,138,114,128,56,90,114,74,102,94,88,56,94,70,64,102,56,62,156,82,66,76,62,106,74,58,122,72,86,90,68,128,100,110,34,168,104,138,42,52,50,102,128,30,84,62,90,150,124,78,84,66,102,62,34,88,96,124,48,42,78,72,78,40,58,118,84,68,58,74,40,34,66,90,84,54,44,44,174,104,80,106,44,122,80,44,104,136,76,74,76,60,76,100,78,68,72,26,80,102,30,90,46,24,112,146,24,84,104,122,98,42,64,90,96,112,164,38,70,40,56,86,116,122,112,80,92,64,84,102,70,80,68,112,56,128,82,130,58,92,68,78,56,114,42,32,108,82,56,46,36,84,64,114,66,70,102,50,46,94,30,92,82,88,120,110,98,76,124,44,150,34,88,62
7,106,66,86,136,48,124,106,106,84,40,80,76,92,36,38,42,50,128,56,98,78,36,104,84,108,134,74,86,76,46,116,164,82,62,108,124,100,148,64,40,48,76,64,128,58,44,42,62,100,98,88,102,104,44,78,110,36,124,124,98,34,56,120,108,68,60,70,138,84,54,32,82,72,112,50,104,58,70,94,64,54,184,52,64,82,66,72,124,94,104,114,98,94,44,48,46,94,106,116,116,94,100,98,74,138,158,42,42,92,82,50,112,70,66,118,108,134,56,82,42,108,94,80,92,58,154,120,80,114,108,18,88,148,86,124,80,16,98,94,100,60,88,50,66,118,84,68,134,60,68,88,86,114,104,90,64,112,90,114,90,72,112,76,154,94,38,90,98,110,38,64,94,40,78,96,86,90,92,78,56,54,116,148,128,44,60,90,48,68,46,64,118,124,42,82,110,56,58,78,98,100,58,56,70,170,144,86,88,106,92,100,60,134,88,98,62,82,56,76,100,48,68,62,64,194,70,24,92,54,30,92,86,82,56,52,98,112,72,48,70,128,136,146,42,88,38,62,126,94,112,90,92,98,76,88,86,54,74,110,110,76,154,90,116,56,116,74,122,80,120,28,68,150,66,48,62,30,60,70,122,120,82,100,70,96,98,52,98,70,70,134,96,104,76,154,62,104,58,76,86
7,60,38,86,104,70,112,86,50,72,70,86,100,46,112,66,54,104,86,70,112,56,60,98,66,118,96,102,76,68,42,76,80,72,78,104,130,74,90,36,82,42,78,32,98,50,76,10,64,92,78,78,62,130,110,98,156,48,106,98,82,72,74,100,58,90,56,56,118,86,54,80,78,58,54,86,66,86,104,76,88,70,176,92,84,98,82,82,128,100,108,106,100,144,74,82,106,50,92,102,56,106,86,142,58,138,108,58,56,44,78,64,90,96,100,70,40,114,60,66,38,86,108,92,58,54,80,128,80,94,108,68,102,102,52,108,56,70,54,134,134,88,90,64,58,70,58,76,118,44,64,58,42,126,74,76,74,92,114,96,130,42,76,104,132,90,38,54,100,86,36,76,78,82,106,140,98,88,90,58,76,70,58,88,76,76,42,126,72,44,60,102,88,82,64,80,78,62,46,44,98,136,66,64,50,170,86,86,96,36,94,96,58,80,132,58,100,118,54,84,74,84,68,52,26,164,82,38,96,46,46,74,98,22,66,76,120,160,28,68,96,122,128,110,40,102,48,88,70,84,116,92,88,100,86,78,106,110,134,52,106,72,150,110,96,66,140,86,70,68,124,32,40,134,90,50,78,68,82,76,78,74,82,70,116,54,94,18,112,102,122,188,46,110,74,156,76,102,48,86,96
7,94,60,122,124,76,124,92,78,76,52,88,114,92,46,62,58,56,84,60,104,60,36,98,74,76,104,146,86,74,48,96,60,72,76,88,102,78,138,82,62,28,74,60,114,134,70,36,104,136,84,100,66,146,78,90,94,62,132,152,92,70,98,72,110,88,34,30,66,106,40,28,60,38,76,60,128,82,98,86,58,72,110,112,78,78,90,106,148,154,74,90,80,178,34,60,68,56,76,124,66,90,96,134,36,144,146,88,48,46,58,86,74,84,60,118,60,98,44,92,60,124,80,100,82,72,56,162,78,78,108,42,54,94,98,114,96,50,84,70,130,84,92,30,44,114,50,86,116,74,116,86,88,108,68,92,80,46,118,118,122,40,128,64,96,72,44,78,80,84,58,64,56,32,80,116,84,52,78,74,102,54,74,78,92,66,58,122,82,42,72,98,114,124,70,82,64,60,58,60,70,122,58,72,66,152,94,130,64,64,130,96,54,120,76,76,84,50,68,38,112,50,92,64,32,162,116,88,70,26,30,94,92,78,54,102,78,96,76,48,84,104,148,128,50,116,46,58,56,76,66,48,74,112,64,72,52,62,132,70,86,70,154,100,106,48,92,68,100,66,112,56,36,102,132,104,52,66,56,56,108,40,66,62,72,92,114,52,106,62,106,100,88,96,96,132,78,132,52,94,66
7,84,120,100,130,122,150,88,70,122,62,108,122,96,104,70,58,90,118,86,110,76,72,64,106,124,92,94,114,58,72,138,76,76,64,76,126,94,120,68,90,64,78,76,198,108,66,48,78,110,90,84,84,142,98,104,128,32,112,140,134,60,122,102,122,106,64,78,156,84,64,48,106,70,68,64,134,56,88,88,86,66,130,62,104,70,46,92,132,114,94,88,108,150,64,48,66,70,98,110,104,76,86,142,84,152,94,86,62,86,56,86,130,62,72,84,84,114,76,116,50,100,94,98,84,106,88,98,108,88,112,92,50,96,66,128,82,62,86,104,94,72,118,56,124,112,110,94,100,98,70,100,104,116,98,84,76,98,88,120,104,70,124,102,146,96,50,100,128,110,34,86,112,38,146,112,64,72,138,94,76,82,84,98,102,72,62,118,108,80,70,88,142,108,38,130,96,82,100,72,132,98,90,100,74,124,106,90,94,98,154,130,60,90,96,82,74,50,74,76,112,104,88,76,82,142,84,60,104,48,24,48,86,54,88,74,126,104,100,90,88,90,96,140,60,88,76,90,88,124,156,76,102,120,98,86,122,92,92,90,94,78,100,138,130,46,160,78,72,80,140,36,110,104,74,44,64,90,98,100,108,92,144,60,58,86,110,58,90,70,80,124,102,90,74,132,76,206,66,46,98
7,86,82,80,110,54,170,150,102,70,70,118,72,106,50,16,50,50,100,88,80,36,62,84,104,114,80,60,68,80,24,74,110,78,48,82,166,102,128,46,64,46,72,64,110,78,80,28,110,64,126,114,48,136,40,78,116,42,76,100,88,80,70,100,92,126,60,58,66,88,34,36,104,78,74,74,110,70,96,90,68,24,188,64,64,52,74,76,86,88,52,130,144,124,22,78,112,42,78,88,94,114,82,100,64,152,108,78,56,60,64,118,126,76,72,88,60,122,50,104,44,94,84,64,74,64,84,54,64,56,116,32,78,104,148,164,110,78,70,78,132,80,86,54,100,132,78,60,116,42,56,102,52,150,120,56,66,120,90,110,128,42,122,70,152,38,30,48,110,74,28,108,82,22,114,108,66,82,90,110,82,68,58,114,80,64,52,84,114,58,74,70,96,126,58,78,66,30,52,76,72,138,48,54,56,118,114,92,94,112,104,82,36,84,78,96,54,50,114,72,66,58,70,48,102,144,58,56,90,50,24,80,112,54,66,66,70,94,54,56,64,124,116,118,58,106,56,78,104,78,120,68,112,122,88,106,86,70,52,92,74,64,140,170,100,68,78,86,84,36,120,40,58,130,86,74,78,60,90,56,126,64,116,102,92,132,70,56,116,54,74,118,102,60,60,152,44,136,40,92,70
7,94,60,42,90,38,130,84,52,58,70,118,100,64,48,36,48,52,100,92,98,80,66,68,56,108,104,90,74,64,72,76,104,52,94,76,84,76,52,50,86,60,64,50,136,84,52,40,90,106,74,126,92,148,60,74,100,52,96,94,90,28,82,108,98,120,68,78,72,58,18,18,112,58,72,62,56,72,102,68,112,72,106,60,84,102,66,116,142,128,66,118,84,136,44,72,58,66,58,104,88,128,98,70,42,102,108,52,42,80,90,82,86,30,78,84,62,98,32,94,70,118,116,88,66,66,80,86,68,118,122,100,88,82,76,108,88,60,102,120,130,58,86,70,70,110,64,82,88,68,134,90,58,90,92,100,82,90,98,98,112,64,162,110,106,50,32,98,112,108,26,94,48,80,74,92,94,50,80,86,70,70,74,122,60,88,118,98,68,80,36,52,94,50,42,90,78,60,42,62,68,128,30,56,98,152,92,96,104,60,108,68,54,58,108,98,74,64,66,66,62,70,80,72,62,100,58,46,126,66,36,88,122,50,56,98,120,108,56,80,86,72,88,118,42,76,46,70,46,82,106,100,88,104,104,66,82,90,84,80,110,56,110,108,108,78,100,56,76,52,110,62,48,110,100,80,72,78,102,98,60,76,90,46,54,66,72,24,90,60,106,156,80,78,74,118,46,142,32,102,70
7,96,92,102,118,68,88,102,82,78,84,90,96,92,40,44,66,84,108,72,122,82,66,110,68,96,120,88,70,86,54,78,126,70,82,60,98,114,148,72,50,32,56,54,92,66,68,48,92,80,66,60,72,116,50,72,94,28,76,90,106,70,124,138,76,98,52,34,72,96,62,30,84,60,74,120,134,44,66,84,82,56,108,150,78,40,44,66,112,142,86,102,114,140,24,62,64,60,74,98,74,96,108,108,56,138,96,56,4,68,58,100,114,44,100,134,52,86,24,74,28,106,64,78,94,88,80,104,108,68,128,48,100,104,68,100,72,64,62,108,102,60,100,52,84,124,76,54,114,64,106,108,56,80,70,62,90,106,96,138,92,44,138,52,108,74,32,68,92,120,74,56,72,62,88,84,96,78,70,88,76,84,96,130,66,54,62,92,80,38,76,54,98,80,78,116,68,64,46,78,48,120,50,72,54,126,94,158,118,56,164,94,54,80,72,86,84,84,86,52,114,30,60,70,48,72,58,38,102,40,40,82,126,68,54,82,110,104,86,48,52,114,136,130,32,62,84,102,94,100,102,98,102,108,96,60,82,48,106,38,112,56,102,106,94,52,114,108,92,68,168,44,42,114,116,64,48,50,86,60,114,70,86,66,60,120,90,90,104,74,96,90,86,80,70,126,40,96,50,62,54
7,88,54,48,84,46,112,102,86,58,68,78,88,66,48,48,74,68,96,98,116,78,60,100,88,154,124,74,62,76,34,104,152,72,98,80,122,76,168,28,48,50,72,48,130,92,76,20,108,106,82,80,88,122,82,88,122,82,80,94,110,40,116,134,72,126,44,56,100,68,16,34,96,62,70,62,74,42,108,90,92,38,148,78,86,76,64,80,146,120,64,116,68,140,54,72,112,42,66,136,48,102,130,124,50,92,92,64,84,34,80,108,84,50,96,152,62,132,76,64,76,60,118,60,74,40,58,98,142,84,118,76,86,94,72,140,86,100,50,82,98,72,94,72,56,74,90,82,126,66,74,94,54,116,80,56,70,54,130,90,88,56,116,78,158,54,18,70,116,110,66,54,62,54,84,98,80,68,84,78,82,46,62,94,58,22,86,80,120,66,50,64,100,94,58,94,104,46,68,82,74,124,52,38,60,126,92,124,96,42,102,116,26,72,58,82,122,68,98,62,68,56,102,86,58,146,84,30,102,22,52,54,90,48,90,92,90,78,64,56,72,108,150,126,62,84,78,58,104,64,110,122,82,80,56,94,74,68,128,58,96,72,118,112,94,74,120,38,94,82,82,36,76,100,114,86,110,58,40,68,82,68,56,84,100,78,154,56,106,102,76,96,114,100,108,128,52,160,38,80,64
7,102,86,102,126,56,148,90,108,90,60,122,84,86,60,42,74,102,100,30,104,90,40,92,90,120,112,98,108,72,48,112,118,84,62,72,118,70,88,60,60,18,84,44,136,102,70,40,64,106,142,142,96,92,96,60,112,12,132,110,126,50,90,68,90,96,58,52,108,60,38,18,102,52,110,58,76,56,58,60,96,46,140,50,110,50,64,72,128,110,56,88,86,144,32,58,40,54,86,134,54,122,80,136,52,202,96,58,62,50,82,54,92,82,66,136,72,86,52,98,48,114,86,86,84,126,80,84,56,56,112,72,60,120,82,126,108,42,76,74,92,44,94,34,70,118,50,42,166,112,104,38,72,138,92,78,60,102,102,76,158,42,96,98,124,70,28,80,84,98,44,44,60,76,96,132,94,92,74,88,58,36,50,122,50,76,52,116,54,104,48,70,94,104,72,48,120,50,50,88,86,76,40,52,42,160,78,124,94,70,118,86,62,132,100,74,68,50,74,84,66,90,64,76,56,116,68,44,74,64,20,76,56,38,58,76,66,100,46,72,94,86,80,142,88,126,86,64,80,100,72,90,88,86,90,78,94,60,102,48,96,36,116,132,122,84,164,38,78,44,142,46,58,120,82,48,48,76,98,48,96,84,78,58,60,68,66,50,74,64,132,100,138,86,74,120,50,160,42,130,92
7,58,114,78,112,64,114,110,92,98,54,90,104,82,44,26,66,110,100,34,88,64,50,108,96,162,92,88,100,60,36,96,92,90,90,90,154,72,136,26,58,36,54,60,128,72,80,34,94,104,152,90,92,172,46,82,94,34,148,112,108,40,64,92,84,76,38,46,100,122,30,38,126,64,92,66,72,60,78,102,40,32,204,42,74,40,54,100,114,80,76,88,100,110,54,64,84,28,76,168,74,134,122,118,52,118,100,70,44,64,54,90,108,44,62,102,60,86,44,44,50,82,106,78,102,60,98,102,68,66,124,44,106,62,76,102,82,52,80,64,98,26,122,64,48,134,64,94,166,64,102,64,72,112,96,44,94,92,102,130,108,44,84,62,144,52,28,68,98,80,78,94,80,66,100,116,66,80,56,60,54,114,60,130,62,60,66,94,64,60,78,58,122,120,36,92,66,34,58,62,80,80,38,80,52,164,122,116,32,64,128,164,40,84,78,58,98,38,88,116,90,58,42,82,56,118,58,64,68,36,46,62,74,28,36,76,98,130,48,36,50,88,120,182,48,72,50,118,56,112,100,106,78,76,98,86,72,58,96,70,110,54,108,150,56,66,88,74,98,66,122,38,26,152,80,46,68,60,54,64,48,88,70,78,26,46,62,48,134,48,110,110,92,94,88,176,84,188,20,100,64
7,84,64,84,134,78,60,60,102,90,52,92,130,54,40,72,44,40,78,70,148,82,78,104,68,110,88,100,52,36,38,128,86,102,78,104,102,60,146,42,114,22,32,42,108,70,92,26,62,138,90,60,66,76,72,82,160,34,108,114,132,60,92,100,84,62,48,46,130,102,28,24,92,64,90,52,108,58,84,94,82,38,134,88,114,50,70,96,100,92,56,124,110,92,28,38,84,70,98,158,68,82,80,118,54,94,82,60,44,70,48,78,124,60,74,146,92,70,56,90,28,86,136,60,46,84,84,88,44,84,122,60,80,100,72,122,72,90,98,70,130,70,82,60,52,60,60,82,128,66,66,54,74,104,62,50,64,90,104,146,108,68,144,108,174,70,34,88,108,94,56,92,76,42,82,68,88,78,110,98,58,54,92,122,74,54,70,112,76,64,56,64,124,138,70,88,94,24,30,80,62,124,32,82,68,108,80,110,68,46,104,140,42,82,102,92,76,98,114,74,124,98,82,50,22,98,52,54,70,22,58,38,84,36,66,110,82,94,58,52,84,92,128,128,46,108,40,104,128,90,110,122,102,116,118,86,90,86,100,80,90,52,96,116,100,72,100,52,44,82,92,34,50,132,86,40,60,46,56,82,132,48,70,36,72,62,60,60,98,62,124,78,130,86,98,160,68,124,44,84,82
7,84,72,50,124,62,144,128,82,90,68,96,140,70,46,62,52,52,112,44,122,62,58,102,94,128,112,62,74,38,48,96,98,98,80,72,104,72,138,52,66,30,48,46,62,82,90,44,74,90,96,92,116,124,80,98,114,38,88,120,120,24,66,90,134,100,24,42,82,72,56,14,110,56,112,64,76,82,100,72,76,40,166,100,76,70,76,84,98,120,108,138,68,100,20,74,62,56,70,142,70,92,84,140,36,116,110,62,52,66,74,100,122,100,96,92,44,94,68,104,48,92,122,66,58,78,76,102,100,64,152,52,48,64,52,134,70,42,70,76,98,48,110,78,82,128,72,62,76,114,110,86,88,88,88,42,74,114,88,138,110,44,108,82,128,78,38,92,98,46,40,48,44,62,68,86,76,70,62,68,66,60,50,104,120,60,100,100,80,58,78,66,118,116,100,102,88,38,72,68,60,138,72,38,108,124,82,94,86,38,122,126,20,98,64,66,88,94,104,58,90,26,40,58,68,94,48,54,114,26,28,82,102,26,82,68,138,58,60,50,66,116,158,122,40,74,40,66,98,58,126,66,96,96,118,46,88,68,78,54,64,110,122,122,104,64,102,72,116,88,104,32,52,106,70,70,82,38,50,54,120,58,112,50,68,86,68,34,116,110,96,124,56,108,102,152,38,102,36,74,60
7,90,62,42,104,56,114,108,112,80,84,80,120,66,24,58,94,88,92,48,86,102,60,102,56,92,94,100,58,34,50,88,76,84,98,102,106,82,142,42,60,38,58,58,88,70,62,28,76,118,70,84,90,134,58,82,94,48,112,84,70,26,114,118,94,74,24,40,102,60,76,48,98,90,90,60,84,66,94,74,92,48,180,100,40,92,116,70,90,98,66,104,88,86,66,50,66,38,104,118,48,134,96,130,52,146,78,88,58,58,76,58,128,74,126,104,62,108,48,68,78,106,90,80,52,52,88,114,88,60,88,26,88,92,70,120,78,64,40,116,86,26,96,54,60,98,62,32,70,102,86,54,46,90,58,84,90,112,94,86,100,36,156,68,118,28,24,64,92,52,30,94,50,62,112,94,70,100,94,90,46,46,68,88,96,46,60,144,76,78,74,52,108,90,94,86,78,52,70,106,76,108,52,38,56,150,138,78,82,48,76,110,72,70,88,92,60,80,106,106,94,38,66,118,34,156,72,64,100,42,10,86,136,76,50,46,106,106,70,58,76,106,84,102,60,74,42,90,60,66,88,72,96,98,62,56,102,74,134,74,158,70,126,76,86,92,82,80,74,62,106,62,28,112,68,90,56,58,110,54,114,110,84,44,78,78,98,42,96,58,104,94,72,90,66,122,94,162,38,108,88
7,84,70,148,138,86,134,112,96,104,42,118,72,52,44,30,36,56,86,54,92,84,76,58,60,118,106,86,104,50,38,118,84,66,76,68,108,82,178,72,48,36,98,36,146,60,74,26,88,102,108,62,48,98,82,96,110,52,122,102,92,66,94,94,108,102,64,78,86,142,24,28,106,56,74,60,134,46,102,110,84,36,128,66,56,68,84,126,132,116,42,116,86,174,16,30,80,46,54,164,56,116,68,154,34,116,114,70,32,66,74,78,82,74,66,100,76,90,54,108,60,72,92,58,108,60,92,120,108,78,98,52,86,78,66,108,98,36,92,86,118,76,62,62,66,90,68,94,60,106,64,110,94,136,102,52,62,108,96,128,88,60,160,124,92,46,26,84,116,82,14,64,102,32,90,158,66,66,68,84,82,42,92,112,42,50,42,106,30,52,70,90,98,132,46,104,56,38,56,76,98,104,40,62,56,132,140,110,52,42,108,92,34,72,104,92,42,26,72,80,106,78,80,66,34,112,66,50,82,68,44,72,88,62,60,66,116,94,42,42,62,114,144,156,74,66,16,60,88,68,116,70,112,110,82,78,74,102,110,94,68,82,136,114,86,70,112,52,62,80,96,40,58,104,84,84,70,52,104,72,136,40,72,102,66,70,62,18,72,90,42,104,114,106,110,152,30,138,28,88,64
7,76,32,126,104,64,132,104,68,112,92,154,82,96,44,58,70,50,64,62,114,64,40,108,38,94,74,68,90,64,50,126,114,66,68,84,120,86,148,18,46,38,80,36,56,96,74,52,80,88,100,58,90,130,88,112,88,64,86,96,68,28,86,84,96,80,52,60,136,60,42,28,102,84,90,78,136,60,60,64,66,98,154,114,50,68,54,82,150,118,54,100,72,106,40,54,82,42,114,120,60,118,106,110,14,140,114,60,58,32,84,112,114,38,90,132,44,88,56,70,44,116,90,50,60,58,54,112,54,76,146,64,84,88,56,128,88,84,54,76,82,96,76,54,56,62,74,64,98,68,72,72,86,120,80,104,46,82,120,108,108,64,66,70,136,24,40,84,76,114,36,62,74,60,106,76,84,62,68,58,72,36,60,86,78,82,58,76,76,110,68,92,52,100,74,98,78,54,44,84,110,104,80,28,60,162,70,116,76,76,98,118,38,82,102,48,92,44,62,46,70,74,64,88,52,134,90,46,114,30,50,100,116,52,64,56,76,102,40,36,62,102,92,128,62,62,38,94,70,84,106,74,94,70,54,68,54,88,88,40,80,92,132,108,86,84,92,44,102,80,108,52,22,94,102,40,70,80,90,108,80,42,102,60,88,50,92,38,126,54,80,64,80,118,104,122,66,156,36,64,80
7,70,50,102,132,76,118,94,92,48,76,100,120,88,32,46,74,68,104,40,90,60,32,106,74,122,104,76,76,66,130,98,82,44,68,66,136,106,198,38,66,48,50,42,104,104,58,54,74,106,68,88,84,112,90,98,108,44,90,78,60,16,108,80,92,94,34,58,100,60,30,28,54,58,62,84,136,76,90,54,92,70,124,72,80,78,64,80,156,94,102,74,42,122,40,74,58,80,58,60,86,92,94,136,64,186,96,54,44,68,44,88,106,32,72,112,96,140,44,74,36,140,96,52,74,30,78,74,114,76,108,66,126,92,44,108,58,64,116,86,104,52,98,58,76,104,50,56,120,48,104,108,78,126,58,40,102,102,92,142,112,58,96,108,176,32,30,100,108,96,32,56,74,44,108,100,48,42,82,118,62,94,96,92,64,50,70,120,80,96,92,48,98,118,72,88,62,50,58,114,84,102,62,68,50,114,86,106,122,42,106,120,12,88,82,104,74,98,94,62,94,78,82,78,44,134,72,64,84,42,26,110,84,88,76,64,92,156,66,36,48,84,140,120,42,102,56,116,76,48,92,110,78,80,60,60,114,90,122,42,136,82,96,160,120,86,110,70,76,56,106,50,68,132,78,34,86,76,106,74,116,56,90,50,74,72,66,12,74,68,74,134,88,104,104,104,78,142,52,132,82
7,70,102,68,74,70,80,140,74,90,94,106,112,90,60,34,72,42,68,72,112,60,82,96,100,164,94,84,90,68,52,92,110,54,70,88,144,64,112,28,80,66,86,48,130,94,80,30,38,96,54,92,112,146,44,74,94,42,94,84,72,74,94,68,98,86,48,46,116,84,76,44,56,60,80,66,128,80,84,82,54,56,130,100,64,72,64,82,124,136,80,100,116,154,38,52,52,50,84,122,46,96,68,116,36,106,146,52,34,58,66,80,142,68,98,94,80,114,68,80,30,88,86,72,56,94,100,90,50,80,112,76,76,92,80,94,56,42,98,114,120,90,70,52,98,106,46,74,106,56,46,98,78,136,120,96,54,82,90,120,102,18,106,92,164,62,24,56,80,132,90,48,78,44,108,110,84,62,48,120,74,58,76,120,96,40,46,140,70,60,88,42,126,116,50,104,90,54,54,92,52,124,50,60,108,142,126,92,84,76,114,110,52,86,86,78,90,54,78,46,84,50,90,94,46,126,70,82,78,68,28,142,64,20,64,66,90,122,58,44,50,132,118,146,54,106,40,106,82,122,98,80,84,74,86,86,62,58,100,68,164,74,104,112,118,70,108,52,58,72,144,32,50,120,96,44,56,74,58,66,142,78,90,70,88,68,30,30,110,68,108,92,144,92,92,114,44,122,70,66,94
7,46,70,96,126,76,102,74,62,48,82,84,88,66,62,34,54,44,114,42,150,80,60,96,100,128,94,90,120,62,40,110,120,48,48,58,110,88,176,44,70,30,88,40,126,102,40,42,92,94,102,64,88,98,58,138,96,56,144,86,62,34,154,88,112,112,18,38,88,42,54,54,58,118,84,84,80,48,64,44,54,84,132,76,54,68,40,60,110,140,44,150,116,136,30,82,90,48,56,86,72,142,84,142,54,138,100,86,50,66,46,86,118,60,106,106,48,88,66,60,60,94,100,72,74,72,76,80,88,60,106,54,66,76,50,112,68,62,80,104,122,82,66,50,86,102,58,66,168,46,102,80,72,106,78,70,118,126,88,144,128,72,100,80,136,40,30,54,114,126,54,40,66,94,92,64,62,42,110,36,76,56,74,110,120,28,68,100,52,46,66,70,82,90,84,82,62,32,80,70,82,132,32,74,58,110,118,100,98,60,84,96,24,96,96,82,62,82,94,102,104,20,42,70,40,142,70,48,78,48,40,90,96,60,62,60,120,136,50,66,82,110,102,154,62,100,52,72,68,56,88,134,124,96,82,104,78,76,116,56,92,66,138,120,102,108,136,50,88,48,152,38,44,128,80,58,54,56,54,84,136,66,92,58,62,28,72,20,76,102,92,90,78,122,98,140,44,144,46,60,62
7,94,96,88,118,120,98,74,70,94,96,80,72,82,62,28,42,62,82,76,126,56,68,88,106,152,126,144,104,48,82,124,62,70,50,108,118,68,102,48,42,54,72,46,128,96,72,18,116,122,142,84,90,126,96,66,84,52,116,126,78,40,62,84,78,112,82,44,62,44,30,16,112,80,74,56,114,56,146,60,68,28,140,58,86,68,80,66,114,104,98,100,126,158,50,82,86,42,62,112,76,130,100,156,50,136,146,64,28,40,84,48,90,82,76,104,56,68,88,92,36,96,62,64,94,80,52,120,96,86,100,34,70,82,82,122,44,56,58,64,98,48,118,34,74,110,100,96,98,40,76,68,54,118,82,52,108,100,108,74,112,46,142,80,140,76,72,48,70,96,24,58,126,48,80,96,72,58,48,78,44,76,42,114,78,40,46,60,44,54,88,52,100,120,70,96,104,28,74,30,66,110,30,50,64,120,98,104,64,64,110,92,40,106,68,102,68,20,48,58,136,42,58,46,44,118,66,50,130,80,50,104,102,26,66,40,124,120,44,78,100,126,104,166,60,98,60,60,116,78,90,84,128,76,98,70,58,86,118,62,82,66,100,106,88,74,124,48,52,72,88,32,26,128,114,72,52,68,78,62,132,86,86,80,44,42,90,56,124,86,92,156,80,104,108,172,50,102,50,90,66
7,104,76,90,124,70,146,86,96,74,50,86,138,100,50,28,46,80,100,56,72,68,60,76,84,144,126,84,102,92,60,112,84,94,72,102,118,84,72,28,52,38,54,66,122,66,38,14,70,120,122,112,68,126,70,84,112,52,128,72,90,62,92,70,110,96,68,78,110,82,24,46,124,58,62,74,90,46,108,64,76,44,120,36,62,56,66,110,114,152,104,126,108,124,32,28,92,38,78,88,62,100,106,98,112,168,116,76,48,66,58,50,114,110,72,72,74,140,100,88,32,74,90,74,62,76,96,98,70,126,146,64,68,92,54,106,82,60,72,82,80,52,66,72,68,134,74,66,92,54,94,104,62,116,94,84,68,68,82,122,102,28,126,64,148,54,30,54,106,94,62,48,80,36,110,110,68,68,82,80,26,78,80,208,46,46,82,64,46,76,98,84,102,118,46,92,106,66,74,76,80,66,50,68,82,174,126,70,68,52,104,152,28,78,108,96,90,62,54,74,84,50,34,56,64,118,94,72,76,60,30,58,148,50,86,66,86,72,32,62,76,110,80,132,52,166,58,82,82,98,92,70,92,106,150,74,74,76,70,140,84,50,124,134,100,60,134,44,64,42,100,44,38,156,92,58,98,48,86,58,130,78,94,82,58,90,66,32,104,68,110,120,104,90,60,124,46,142,50,64,96
7,90,70,100,116,58,168,110,104,76,80,102,104,80,44,36,46,58,130,50,100,60,60,72,70,156,64,56,116,30,34,100,156,102,70,114,132,58,150,64,50,30,56,78,120,126,66,46,76,68,92,90,74,118,78,100,128,80,96,114,72,40,72,114,86,134,50,50,126,98,14,24,116,86,98,92,82,64,80,66,76,60,170,90,98,104,68,116,158,100,76,134,94,108,52,56,76,60,84,90,76,158,82,194,56,146,132,82,26,60,44,106,62,56,110,110,42,74,52,96,94,94,80,50,66,78,58,88,88,114,112,44,72,96,78,170,66,52,58,98,120,78,70,50,66,104,60,66,118,80,118,120,86,108,78,58,98,86,120,110,70,34,140,114,118,40,14,64,116,82,78,64,94,42,98,132,72,72,78,110,84,32,106,110,74,66,30,104,56,102,86,58,88,94,60,84,62,62,66,78,84,134,46,56,48,112,92,66,92,32,108,96,18,60,48,90,76,50,108,76,90,84,56,82,56,154,84,66,84,52,40,84,94,70,66,94,160,96,70,34,72,108,126,164,48,90,52,64,78,68,98,104,100,122,94,64,62,82,118,56,116,90,100,122,110,94,90,38,100,62,104,58,52,144,88,46,60,72,72,58,96,70,100,60,68,68,78,20,90,76,76,140,112,126,88,114,56,174,32,72,86
